id	root	seyame	root_type
0	>>R	0	normal
1	>B	0	normal
2	>B>	0	parethesied
3	>BD	0	normal
4	>BWB>	0	parethesied
5	>BJ>	0	normal
6	>BJ>	0	normal
7	>BJWD	0	normal
8	>BJLJN>	0	normal
9	>BJTR	0	normal
10	>BL	0	normal
11	>BN>	0	parethesied
12	>BRHM	0	normal
13	>GBWS	0	normal
14	>GWN>	0	bracketed
15	>GWSVWS	0	normal
16	>GWRS>	0	bracketed
17	>GN>	0	parethesied
18	>GR	0	normal
19	>GR>	0	parethesied
20	>GRPWS	0	normal
21	>GRT>	0	parethesied
22	>DWM	0	normal
23	>DJ	0	normal
24	>DM	0	normal
25	>DN>	0	parethesied
26	>DR	0	normal
27	>DRMNVWS	0	normal
28	>DC>	0	bracketed
29	>HRWN	0	normal
30	>W	0	normal
31	>W	0	normal
32	>W>	0	normal
33	>WBWLWS	0	normal
34	>WHDJ>	0	normal
35	>WVJKWS	0	normal
36	>WKRSVJ>	0	bracketed
37	>MN	0	parethesied
38	>WN	0	normal
39	>WNGLJWN	0	normal
40	>WNJQ>	0	normal
41	>WYR>	0	parethesied
42	>WQJN>	0	bracketed
43	>WRBNWS	0	normal
44	>WRD<>	0	parethesied
45	>WRWS	0	bracketed
46	>RX	0	parethesied
47	>WRJ>	0	normal
48	>RJ	0	parethesied
49	>WRJT>	0	parethesied
50	>WRCLM	0	normal
51	>WC<N>	0	parethesied
52	>ZWVWS	0	normal
53	>ZL	0	normal
54	>X>	0	normal
55	>XD	0	normal
56	>XZ	0	normal
57	JD	0	normal
58	>JW	0	normal
59	>JWB	0	normal
60	>JZGD>	0	bracketed
61	>JVWRJ>	0	normal
62	>JVLJ>	0	normal
63	>JVLJ>	0	bracketed
64	>JK	0	normal
65	>JK>	0	normal
66	>JKN	0	normal
67	>JL	0	normal
68	>JL>	0	parethesied
69	>JMK>	0	normal
70	>JMM>	0	parethesied
71	>JN	0	normal
72	>JN>	0	normal
73	>JSWN	0	normal
74	>JSXQ	0	normal
75	>JSKR	0	normal
76	>JSR>JL	0	normal
77	>JQ>	0	bracketed
78	>JQNWN	0	normal
79	>JRWPWLJS	0	normal
80	>JRJXW	0	normal
81	>JCJ	0	normal
82	>JT	0	normal
83	>K>J>	0	normal
84	>K>JQWS	0	normal
85	>KDN>	0	bracketed
86	>KWT	0	normal
87	>KJN	0	normal
88	>KL	0	normal
89	>KLWS	0	bracketed
90	>KM	0	normal
91	>KSNJ>	0	bracketed
92	>KP	0	normal
93	>KR	0	parethesied
94	>KT>	0	parethesied
95	>L>	0	normal
96	>L>	0	normal
97	>LH	0	normal
98	>LW	0	normal
99	>LWMWS	0	normal
100	>LWMP>	0	normal
101	>LWRJQWN	0	normal
102	>LJ>	0	normal
103	>LJWD	0	normal
104	>LJ<ZR	0	normal
105	>LJ<ZR	0	normal
106	>LJQJM	0	normal
107	>LJCB<	0	normal
108	>LJC<	0	normal
109	>LKSNDRWS	0	normal
110	>LKSNDRJ>	0	bracketed
111	>LMWDD	0	normal
112	>LNJ>	0	bracketed
113	>LP	0	normal
114	>LP	0	normal
115	>LP	0	normal
116	>LY	0	normal
117	>M	0	normal
118	>MWN	0	normal
119	>MWTSVWS	0	bracketed
120	>MJN	0	parethesied
121	>MN	0	normal
122	>MPJPWLJS	0	normal
123	>MPL>WS	0	normal
124	>MR	0	normal
125	>MR	0	parethesied
126	>M	0	parethesied
127	>M	0	parethesied
128	>MTJ	0	normal
129	>N	0	normal
130	>N>	0	normal
131	>N>SJPRWS	0	normal
132	>NDR>WS	0	normal
133	>NDRWNJQWS	0	normal
134	>NWC	0	normal
135	>NX	0	normal
136	>NVJWKJ	0	bracketed
137	>NVJWKJ	0	normal
138	>NVJKRJSVWS	0	bracketed
139	>NVJPVRS	0	normal
140	>NJS	0	normal
141	>NNQ>	0	bracketed
142	>NS	0	normal
143	>NSJMWS	0	normal
144	>NC	0	normal
145	>NT	0	normal
146	>NTWPVWS	0	bracketed
147	>NTT>	0	parethesied
148	>S>	0	normal
149	>SD>	1	parethesied
150	>SWV>	0	bracketed
151	>SWNQRVWS	0	normal
152	>SVDJ>	0	bracketed
153	>SVW>	0	bracketed
154	>SVW>JQW	0	bracketed
155	>SVWKS>	0	bracketed
156	>SVWMK>	0	bracketed
157	>SVKWS	0	normal
158	>SVL>	0	bracketed
159	>SVSJS	0	bracketed
160	>SVPN>	0	normal
161	>SVPNWS	0	normal
162	>SVRVJ>	0	bracketed
163	>SVRNJ>	0	bracketed
164	>SJ>	0	normal
165	>S>	0	parethesied
166	>SKWL>	0	bracketed
167	>SKM>	0	bracketed
168	>SN	0	normal
169	>SPWG>	0	bracketed
170	>SPWQLVR>	0	bracketed
171	>SPJR>	0	bracketed
172	>SPNJ>	0	normal
173	>SPS	0	normal
174	>SPRJD>	0	bracketed
175	>SR	0	normal
176	>SR	0	normal
177	>S>	0	normal
178	>STJR>	0	bracketed
179	><P	0	normal
180	>P	0	normal
181	>P>	1	parethesied
182	>PWD>	0	bracketed
183	>PWLWNJ>	0	normal
184	>PJ>	0	normal
185	>PJWS-PWRWS	0	normal
186	>PVRP	0	parethesied
187	>PSQP	0	parethesied
188	>PJQWRWS	0	normal
189	>PL>	0	normal
190	>PLW	0	normal
191	>PNVWS	0	normal
192	>PSWNJT>	1	bracketed
193	>PSWS	0	bracketed
194	>PSNTJWN	0	bracketed
195	>PPR>	0	normal
196	>PPRWDJVWS	0	normal
197	>PRJM	0	normal
198	>PRSN>	0	bracketed
199	>QWL>S	0	normal
200	>RBJ>	0	normal
201	RB<	0	parethesied
202	>RGWN>	0	bracketed
203	>RDKL>	0	bracketed
204	>RVWS	0	normal
205	>RVM>>	0	normal
206	>RVMJS	0	normal
207	>RJ>	0	parethesied
208	>RJWS-P>GWS	0	normal
209	>RK	0	normal
210	>RK>	0	bracketed
211	>RKJPWS	0	normal
212	>RKL>WS	0	normal
213	>RM	0	normal
214	>RM	0	normal
215	>RMJ>	0	normal
216	>RMLT>	0	parethesied
217	>RMNWN	0	bracketed
218	>RSVBWLWS	0	normal
219	>RSVWS	0	normal
220	>RSVRKWS	0	normal
221	>R<	0	normal
222	>R<	0	normal
223	>R<W	0	normal
224	>RPKCR	0	normal
225	>CD	0	normal
226	>CJR	0	normal
227	>C<J>	0	normal
228	>C	0	parethesied
229	CT>ST>	0	parethesied
230	>CTWP	0	parethesied
231	>CTQDJ	0	normal
232	>T>	0	normal
233	>T>	0	normal
234	>TWN>	0	parethesied
235	>TMLJ	0	parethesied
236	>TN>	0	parethesied
237	>TNWS	0	bracketed
238	>TR	0	parethesied
239	B	0	normal
240	B>R	0	normal
241	B>C	0	normal
242	BBL	0	normal
243	BGN	0	normal
244	BD>	0	normal
245	BDQ	0	normal
246	BDR	0	normal
247	BHL	0	normal
248	BHR	0	parethesied
249	BHT	0	normal
250	BWLWV>	0	bracketed
251	BWY>	0	parethesied
252	BWR>	0	parethesied
253	BRK	0	normal
254	BWRSJ>	0	bracketed
255	BZ	0	normal
256	BZX	0	normal
257	BZ<	0	normal
258	BXR	0	normal
259	BVL	0	normal
260	BVN	0	normal
261	BJ>	0	normal
262	BJM	0	bracketed
263	BJNJ	0	parethesied
264	BJT-XSD>	0	normal
265	BJT-LXM	0	normal
266	BJT-NHRJN	1	normal
267	BJT-<NJ>	0	normal
268	BJT-PG">	1	normal
269	BJT-YJD>	0	normal
270	BT	0	parethesied
271	BK>	0	normal
272	BKR	0	normal
273	BL>	0	normal
274	BLM	0	normal
275	BLSVWS	0	bracketed
276	BL<	0	normal
277	BL<D	0	normal
278	BL<M	0	normal
279	BLY	0	normal
280	BLQ	0	normal
281	BN>	0	normal
282	BNJ-RGCJ	1	normal
283	BNJMJN	0	normal
284	BS>	0	normal
285	BSDJ>	0	normal
286	BSM	0	normal
287	BSR	0	normal
288	BSR	0	parethesied
289	BSTR	0	normal
290	B<>	0	normal
291	B<D	0	normal
292	B<WR	0	normal
293	B<Z	0	normal
294	B<V	0	normal
295	B<R	0	parethesied
296	B<L	0	normal
297	B<L	0	normal
298	B<LZBWB	0	normal
299	B<Q	0	normal
300	BY>	0	normal
301	BYR	0	normal
302	BQ>	0	parethesied
303	BQ>	0	normal
304	BQR	0	normal
305	BR->B>	0	normal
306	BR-VJMJ	0	normal
307	BR-JWN>	0	normal
308	BR-CB>	0	normal
309	BR-CB>	0	normal
310	BR-CWM>	0	normal
311	BR-TWLMJ	0	normal
312	BR	0	normal
313	BR	0	normal
314	BR>	0	normal
315	BRBRJ>	0	bracketed
316	BRD>	0	parethesied
317	BRW>>	0	normal
318	BRWL>	0	parethesied
319	BR	0	parethesied
320	BR	0	parethesied
321	BRKJ>	0	normal
322	BRM	0	normal
323	BRNB>	0	normal
324	BRNJQ>	0	normal
325	BRQ	0	normal
326	BRQ	0	normal
327	BTL	0	parethesied
328	BTWNJ>	0	bracketed
329	G>>	0	normal
330	G>JWS	0	normal
331	G>LJWN	0	normal
332	G>R>	0	parethesied
333	GB>	0	normal
334	GBJN>	0	parethesied
335	GBL	0	normal
336	GBR	0	normal
337	GBRJ>JL	0	normal
338	GGWLT>	0	normal
339	GGR	0	parethesied
340	GD	0	normal
341	GD	0	normal
342	GDJ>	0	parethesied
343	GDL	0	normal
344	GDSMN	0	normal
345	GD<WN	0	normal
346	GDP	0	normal
347	GDR>	0	normal
348	GDC	0	normal
349	GHN	0	normal
350	GHN>	0	parethesied
351	GW	0	normal
352	GWG	0	normal
353	GZ	0	parethesied
354	GZL	0	parethesied
355	GMY	0	normal
356	GWS	0	normal
357	G<L	0	normal
358	GR	0	parethesied
359	GCM	0	normal
360	GZ	0	normal
361	GZ>	0	normal
362	GZ>	0	parethesied
363	GZM	0	normal
364	GZR	0	normal
365	GXK	0	normal
366	GGL	0	parethesied
367	GJS	0	parethesied
368	GJR	0	bracketed
369	GL	0	normal
370	GL	0	normal
371	GL	0	normal
372	GL>	0	normal
373	GLD	0	normal
374	GLWSQM>	0	bracketed
375	GLZ	0	normal
376	GLVJ>	0	bracketed
377	GLJL>	0	normal
378	GLP	0	normal
379	GML>	0	parethesied
380	GMLJ>JL	0	normal
381	GMR	0	normal
382	GN>	0	normal
383	GN>	0	normal
384	GNB	0	normal
385	GB>	0	parethesied
386	GNX	0	normal
387	GNZ	0	normal
388	GNS>	0	parethesied
389	GNSR	0	normal
390	GN	0	parethesied
391	GSR	0	normal
392	G<>	0	normal
393	G<R	0	normal
394	GP	0	normal
395	GPJPT>	0	normal
396	GPN	0	parethesied
397	GR	0	normal
398	GR>	0	normal
399	GRB	0	normal
400	GRB>	0	parethesied
401	GRBJ>	0	parethesied
402	GRG	0	normal
403	GRJYT>	0	parethesied
404	GRM	0	normal
405	GRM	0	parethesied
406	GR<	0	normal
407	GRC	0	normal
408	GC	0	normal
409	D>B>	0	parethesied
410	D>M>	0	normal
411	DB>	0	parethesied
412	DBX	0	normal
413	DBQ	0	normal
414	DBR	0	normal
415	DBC	0	parethesied
416	DGL	0	normal
417	DD>	0	parethesied
418	DHB	0	normal
419	DW>	0	normal
420	DWD	0	normal
421	DWJD	0	normal
422	DWK	0	parethesied
423	DWL	0	parethesied
424	DWMS>	0	bracketed
425	DNB	0	parethesied
426	D<T	0	parethesied
427	DY	0	parethesied
428	DQ	0	parethesied
429	DC	0	parethesied
430	DX>	0	normal
431	DXL	0	normal
432	DXQ	0	normal
433	DXC>	0	parethesied
434	DJW>	0	parethesied
435	DJWVRPJS	0	normal
436	DJT>	0	parethesied
437	DJL	0	normal
438	DJN	0	normal
439	DN	0	parethesied
440	DJNWSJWS	0	normal
441	DJNR>	0	bracketed
442	DJTJQ>	0	bracketed
443	DK>	0	normal
444	DKR	0	normal
445	DKR	0	parethesied
446	DL	0	normal
447	DL>	0	normal
448	DLX	0	normal
449	DL	0	normal
450	DLMVJ>	0	normal
451	DLMNWT>	0	normal
452	DLQ	0	normal
453	DM	0	normal
454	DM	0	normal
455	DM>	0	normal
456	DMVRJWS	0	normal
457	DMK	0	normal
458	DM<	0	normal
459	DMR	0	normal
460	DMRJS	0	normal
461	DN>	0	normal
462	DNX	0	normal
463	DNJ>JL	0	normal
464	D<K	0	normal
465	D<R	0	normal
466	DP>	0	parethesied
467	DPN>	0	parethesied
468	DQ	0	normal
469	DQL>	0	parethesied
470	DQR	0	normal
471	DR	0	parethesied
472	DR>	0	normal
473	DRB>	0	normal
474	DRG	0	parethesied
475	DRDR>	0	parethesied
476	DRWSL>	0	normal
477	DRK	0	normal
478	DRMSWQ	0	bracketed
479	DR<>	0	parethesied
480	DRC	0	normal
481	H>	0	normal
482	HBJL	0	normal
483	HB	0	parethesied
484	HG>	0	normal
485	HGM	0	normal
486	HGMWN>	0	bracketed
487	HGR	0	normal
488	HDJWV>	0	bracketed
489	HDM>	0	parethesied
490	HDR>	0	parethesied
491	HDRJWS	0	normal
492	HW	0	normal
493	HW	0	normal
494	HW>	0	normal
495	HWMN>WS	0	normal
496	HWN	0	normal
497	HWC<	0	normal
498	HW	0	parethesied
499	HJDJN	0	normal
500	HJKL	0	normal
501	HKWT	0	normal
502	HKJL	0	normal
503	HKN	0	normal
504	HL	0	parethesied
505	HLJ	0	normal
506	HLK	0	normal
507	HLS	0	normal
508	HM>	0	parethesied
509	HN	0	normal
510	HN>	0	normal
511	HPK	0	normal
512	HWPRKJ>	0	bracketed
513	HR	0	normal
514	HRWDJ>	0	normal
515	HRWDJWN	0	normal
516	HRWDS	0	normal
517	HRWDS	0	normal
518	HRWDS	0	normal
519	HRWM>	0	parethesied
520	HRK>	0	normal
521	HRM>	0	normal
522	HRM>	0	normal
523	HRMGNJS	0	normal
524	HRMJS	0	normal
525	HRSJS	0	bracketed
526	HRTMN	0	normal
527	HC>	0	normal
528	WJ	0	normal
529	WL>	0	normal
530	W<D	0	normal
531	Z>N>	0	normal
532	ZBDJ	0	normal
533	ZBWLWN	0	normal
534	ZBWR>	0	parethesied
535	ZBL	0	parethesied
536	ZBN	0	normal
537	ZBN>	0	parethesied
538	ZGWG>	0	parethesied
539	ZGR	0	normal
540	ZDWQ	0	normal
541	ZDWQJ>	0	normal
542	ZDQ	0	normal
543	ZHJ	0	normal
544	ZHR	0	normal
545	ZHR	0	normal
546	ZWG	0	normal
547	ZWD	0	normal
548	ZWZ>	0	normal
549	ZWX	0	parethesied
550	ZWJT>	0	parethesied
551	Z<	0	parethesied
552	ZWP>	0	parethesied
553	ZWRBBL	0	normal
554	ZXWRJT>	0	parethesied
555	ZVM	0	parethesied
556	ZJZN>	0	parethesied
557	ZN	0	parethesied
558	ZJT>	0	parethesied
559	ZK>	0	normal
560	ZKJ	0	normal
561	ZKRJ>	0	normal
562	ZKRJ>	0	normal
563	ZLG	0	normal
564	ZLHZ	0	normal
565	ZL<	0	normal
566	ZM	0	normal
567	ZMN	0	normal
568	ZMR	0	normal
569	ZMRGD>	0	bracketed
570	ZN>	0	parethesied
571	ZN>	0	normal
572	Z<P	0	normal
573	Z<Q	0	normal
574	Z<R	0	normal
575	ZQ>	0	parethesied
576	ZQP	0	normal
577	ZQR	0	normal
578	ZRX	0	normal
579	ZR<	0	normal
580	X>P>	0	parethesied
581	XR	0	parethesied
582	XB	0	normal
583	XBV	0	normal
584	XBR>	0	parethesied
585	XBL	0	normal
586	XBL	0	normal
587	XBL	0	parethesied
588	XBN	0	parethesied
589	XBY	0	normal
590	XBR	0	normal
591	XBC	0	normal
592	XGS	0	parethesied
593	XGR	0	normal
594	XD	0	normal
595	XDJ	0	normal
596	XDJ>	0	parethesied
597	XDR	0	normal
598	XDT	0	normal
599	XW>	0	normal
600	XW>	0	parethesied
601	XB	0	parethesied
602	XWBL>	0	parethesied
603	XV	0	parethesied
604	XWVR>	0	parethesied
605	XWJ>	0	parethesied
606	XL	0	parethesied
607	XS	0	parethesied
608	XY	0	parethesied
609	XR	0	parethesied
610	XWR	0	normal
611	XRWR>	0	parethesied
612	XZ>	0	normal
613	XZJR>	0	parethesied
614	XZQ	0	normal
615	XZQJ>	0	normal
616	MXV>	0	parethesied
617	XV>	0	normal
618	XVP	0	normal
619	XVT>	0	parethesied
620	XJ>	0	normal
621	XJL	0	normal
622	XKM	0	normal
623	XL	0	parethesied
624	XL>	0	parethesied
625	XLB>	0	parethesied
626	XLD	0	normal
627	XLWL>	0	parethesied
628	XLV	0	normal
629	XLJ	0	normal
630	XLM	0	normal
631	XLY	0	normal
632	XLM	0	normal
633	XLP	0	normal
634	XLPJ	0	normal
635	XLC>	0	parethesied
636	XM	0	normal
637	XM	0	normal
638	XM>	0	parethesied
639	XM>	0	normal
640	XMWR	0	normal
641	XML	0	normal
642	XMSN	0	normal
643	XM<	0	normal
644	XMY	0	normal
645	XMR>	0	parethesied
646	XMR>	0	parethesied
647	XMC	0	normal
648	XMT	0	normal
649	XN	0	normal
650	XN>	0	normal
651	XN>	0	normal
652	XNWK	0	normal
653	XNV	0	normal
654	XNN	0	normal
655	XNNJ>	0	normal
656	XNNJ>	0	normal
657	XNNJ>	0	normal
658	XNP	0	normal
659	XNQ	0	normal
660	>JVLJ>	0	normal
661	XSD	0	normal
662	XS>	0	normal
663	XSK	0	normal
664	XSLJ	0	normal
665	XSM	0	normal
666	XSN	0	normal
667	XSR	0	normal
668	XP>	0	normal
669	XPV	0	normal
670	XPR	0	normal
671	XY>	0	parethesied
672	XY>	0	normal
673	XYD	0	normal
674	XYP	0	normal
675	XYP>	0	parethesied
676	XYRWN	0	normal
677	XQL>	0	parethesied
678	XR>	0	parethesied
679	XRB	0	normal
680	XRB>	0	parethesied
681	XRDL>	0	parethesied
682	XRWB>	0	parethesied
683	XRM	0	normal
684	XRN	0	normal
685	XR<	0	parethesied
686	XRP	0	normal
687	XRQ	0	normal
688	XRC	0	normal
689	XRC>	0	parethesied
690	>XR	0	parethesied
691	XC	0	normal
692	XCB	0	normal
693	XCX	0	normal
694	XCK	0	normal
695	XCL	0	normal
696	XCM	0	normal
697	XTXT	0	normal
698	XTM	0	normal
699	XTN	0	parethesied
700	XTR	0	normal
701	V>B	0	normal
702	VB	0	normal
703	VWB	0	parethesied
704	VBJT>	0	normal
705	VB<	0	normal
706	VBRJWS	0	normal
707	VBRJWS	0	normal
708	VGR	0	normal
709	VHM	0	parethesied
710	VW>	0	normal
711	VWKJQWS	0	normal
712	VP	0	parethesied
713	VWPNDJWN	0	bracketed
714	VWPWNJQWS	0	bracketed
715	VWPS>	0	parethesied
716	VWR>	0	parethesied
717	VWRNWS	0	normal
718	VC	0	parethesied
719	VXN	0	normal
720	VVWS	0	normal
721	VVRRK>	0	bracketed
722	VJM>	0	bracketed
723	VJMWN	0	normal
724	VJMJ	0	normal
725	VJMT>WS	0	normal
726	VJN	0	parethesied
727	VJR>	0	parethesied
728	VJR>	0	parethesied
729	VK	0	normal
730	VKS	0	parethesied
731	VLJ>	0	parethesied
732	VL	0	normal
733	VLM	0	normal
734	VLQ	0	normal
735	VLR>	0	parethesied
736	VLC	0	normal
737	VM>	0	normal
738	VMR	0	normal
739	VN	0	normal
740	VNP	0	normal
741	V<>	0	normal
742	V<M	0	normal
743	V<N	0	normal
744	V<C	0	normal
745	VPVP	0	normal
746	VPR>	0	parethesied
747	VR>	0	normal
748	VRD	0	normal
749	VRW>WS	0	normal
750	VRWGLJWN	0	normal
751	VRWPJMWS	0	normal
752	VRWPN>	0	normal
753	VRWPS>	0	normal
754	VRVJWS	0	normal
755	VRVLWS	0	normal
756	VRKWN>	0	normal
757	VRSWS	0	normal
758	VRP	0	normal
759	VRP	0	normal
760	VC>	0	normal
761	J>B	0	normal
762	J>>	0	normal
763	J>NJ	0	normal
764	JBL	0	normal
765	JBC	0	normal
766	JD>	0	parethesied
767	JD<	0	normal
768	JHB	0	normal
769	JHWD	0	normal
770	JHWD>	0	normal
771	JHWD>	0	normal
772	JHWD>	0	normal
773	JHWD>	0	normal
774	JHWD>	0	normal
775	JHWD>	0	normal
776	JHWD>	0	normal
777	JHWD>	0	normal
778	JHWCPV	0	normal
779	JW>JL	0	normal
780	JW>RC	0	normal
781	JWD	0	normal
782	JWXN	0	normal
783	JWXNN	0	normal
784	JWXNN	0	normal
785	JWXNN	0	normal
786	JWXNN	0	normal
787	JWXNN	0	normal
788	JWKNJ>	0	normal
789	JWLJ>	0	normal
790	JWLJWS	0	normal
791	JWM	0	normal
792	JWN	0	parethesied
793	JWN>	0	parethesied
794	JWNJ>	0	normal
795	JWNM	0	normal
796	JWNN	0	normal
797	JWS>	0	normal
798	JWS>	0	normal
799	JWSVWS	0	normal
800	JWSP	0	normal
801	JWSP	0	normal
802	JWSP	0	normal
803	JWSP	0	normal
804	JWSP	0	normal
805	JWSP	0	normal
806	JWSP	0	normal
807	JWSP	0	normal
808	JWSP	0	normal
809	JWP>	0	normal
810	JWRDNN	0	normal
811	JWRM	0	normal
812	JWRM	0	normal
813	JWCJ>	0	normal
814	JWTM	0	normal
815	>JZBL	0	normal
816	JZP	0	normal
817	JXV	0	normal
818	JXD	0	parethesied
819	JLD	0	normal
820	JL	0	parethesied
821	JLP	0	normal
822	JM>	0	normal
823	JM>	0	parethesied
824	JM>-DSWP	0	normal
825	JMBRS	0	normal
826	JMN	0	parethesied
827	JNS	0	normal
828	JNQ	0	normal
829	JSP	0	parethesied
830	J<>	0	normal
831	J<N	0	normal
832	J<QWB	0	normal
833	J<QWB	0	normal
834	J<QWB	0	normal
835	J<QWB	0	normal
836	J<QWB	0	normal
837	J<QWB	0	normal
838	J<QWB	0	normal
839	JP>	0	parethesied
840	JYP	0	normal
841	JQD	0	normal
842	JWKNTWS	0	bracketed
843	JQR	0	normal
844	JRB	0	normal
845	JRD	0	normal
846	JRX	0	parethesied
847	JRK	0	normal
848	JRQ	0	normal
849	JRT	0	normal
850	JCW<	0	normal
851	JCW<	0	normal
852	JCW<	0	normal
853	JCV	0	parethesied
854	JCPH	0	normal
855	JTB	0	normal
856	JTM	0	parethesied
857	JTR	0	normal
858	K>	0	normal
859	K>>	0	normal
860	K>B	0	normal
861	K>P	0	parethesied
862	K>P>	0	normal
863	K>R	0	normal
864	KBD	0	parethesied
865	KBL	0	parethesied
866	KBR	0	normal
867	KBRJT>	0	parethesied
868	KBC	0	normal
869	KD	0	normal
870	KDB	0	normal
871	KDW	0	normal
872	KDN	0	normal
873	KHN	0	normal
874	KW>	0	normal
875	KWB>	0	parethesied
876	KWZ>	0	normal
877	KWL	0	parethesied
878	KWKB	0	parethesied
879	KWLJT>	0	parethesied
880	KWMR>	0	parethesied
881	KN	0	parethesied
882	KWR>	0	parethesied
883	KWR>	0	bracketed
884	KWRZJN	0	normal
885	KWRSJ>	0	parethesied
886	KWC	0	normal
887	KCP	0	normal
888	KWT>	0	parethesied
889	KXD	0	normal
890	KXL	0	normal
891	KJ	0	normal
892	KJWS	0	normal
893	KJL	0	normal
894	KJMWN>	0	bracketed
895	KJS	0	parethesied
896	KKR>	0	parethesied
897	KKRJT>	0	parethesied
898	KL	0	normal
899	KL>	0	normal
900	KL>>	0	normal
901	KLB	0	parethesied
902	KLDJ>	0	normal
903	KLJRK>	0	bracketed
904	KLMJS	0	bracketed
905	KLC	0	normal
906	KM>	0	normal
907	KMWN>	0	parethesied
908	KMN	0	normal
909	KMR	0	normal
910	KN	0	normal
911	KN<N	0	normal
912	KNP	0	parethesied
913	KNC	0	normal
914	KN>	0	parethesied
915	KS>	0	parethesied
916	KS>	0	normal
917	KS	0	normal
918	KSP	0	parethesied
919	KP	0	normal
920	KPN	0	normal
921	KPR	0	normal
922	KPR	0	normal
923	KPRNXWM	0	normal
924	KR	0	normal
925	KR>	0	normal
926	KRB	0	normal
927	KRH	0	normal
928	KRWB>	0	parethesied
929	KRZ	0	normal
930	KRWSPRS>	0	bracketed
931	KRVJS>	0	bracketed
932	KRK	0	normal
933	KRM	0	parethesied
934	KRS	0	parethesied
935	KRSVJN>	0	bracketed
936	KCL	0	normal
937	KTB	0	normal
938	KTM	0	normal
939	KTN>	0	parethesied
940	KTP>	0	parethesied
941	KTR	0	normal
942	KTC	0	normal
943	L	0	normal
944	L>	0	normal
945	L>>	0	normal
946	L>S>>	0	normal
947	LB	0	parethesied
948	LBWNT>	0	parethesied
949	LBJ	0	normal
950	LBK	0	normal
951	LBNJ>	0	normal
952	LBC	0	normal
953	LGJWN>	0	bracketed
954	LG>	0	parethesied
955	LDJQJ>	0	normal
956	LHG	0	parethesied
957	HL	0	normal
958	LW	0	normal
959	LW>	0	normal
960	LW>JS	0	normal
961	LWB>	0	normal
962	LWD	0	normal
963	LWDJ>	0	normal
964	LWX	0	parethesied
965	LWV	0	normal
966	LV	0	parethesied
967	LWJ	0	normal
968	LWJ	0	normal
969	LWJ	0	normal
970	LWJ	0	normal
971	LWKJT>	0	bracketed
972	LWLR>	0	parethesied
973	LWSVR>	0	normal
974	LWSJWS	0	normal
975	LWSNJ>	0	normal
976	LWQ>	0	normal
977	LWQJ>	0	normal
978	LWQJWS	0	normal
979	LWQNJ>	0	normal
980	LWT	0	normal
981	LX>	0	normal
982	XWD	0	parethesied
983	LXK	0	normal
984	LXM	0	normal
985	LXC	0	normal
986	LBRVN	0	normal
987	LJVR>	0	bracketed
988	LJNWS	0	normal
989	LJT	0	normal
990	LK>	0	normal
991	LL	0	normal
992	LJLJ	0	parethesied
993	LM	0	normal
994	LM>N>	0	bracketed
995	LMD	0	normal
996	LMK	0	normal
997	LMP>D>	0	bracketed
998	LSV>	0	bracketed
999	L<B	0	normal
1000	L<ZR	0	normal
1001	L<ZR	0	normal
1002	L<S	0	normal
1003	LQV	0	normal
1004	LQC	0	parethesied
1005	LCN	0	parethesied
1006	M>	0	normal
1007	M>>	0	normal
1008	M>N	0	normal
1009	M>N	0	parethesied
1010	M>NJ	0	normal
1011	M>T	0	normal
1012	MGDW	0	normal
1013	MGDW	0	normal
1014	MGDLJ>	0	parethesied
1015	MGWG	0	normal
1016	MGC	0	parethesied
1017	MGL>	0	parethesied
1018	MGN	0	parethesied
1019	MD	0	normal
1020	MDJ>	0	normal
1021	MDJN	0	normal
1022	MDN	0	parethesied
1023	MDK	0	normal
1024	MDM	0	normal
1025	MDR>	0	parethesied
1026	MHLL>JL	0	normal
1027	MWX>	0	parethesied
1028	MWM	0	parethesied
1029	MWSJ>	0	normal
1030	MWQ	0	parethesied
1031	MWR>	0	normal
1032	MWRWN	0	bracketed
1033	MC	0	parethesied
1034	MWC>	0	normal
1035	MT	0	parethesied
1036	MZG	0	normal
1037	MX>	0	normal
1038	MXL	0	normal
1039	MXR	0	normal
1040	MV>	0	normal
1041	MVL	0	normal
1042	MVR	0	normal
1043	MVT	0	normal
1044	MVT>	0	normal
1045	MVTT	0	normal
1046	MJ>	1	parethesied
1047	MJVWLJN>	0	normal
1048	MJK>JL	0	normal
1049	MJL>	0	bracketed
1050	MJLV>	0	normal
1051	MJLJVWS	0	normal
1052	MK	0	normal
1053	MK>	0	normal
1054	MKJL	0	normal
1055	MKS>	0	parethesied
1056	MKR	0	normal
1057	ML>	0	normal
1058	ML>K>	0	parethesied
1059	MLG	0	normal
1060	MLX	0	parethesied
1061	MLX	0	normal
1062	MLJ>	0	normal
1063	MLK	0	normal
1064	MLK	0	normal
1065	MLKWM	0	normal
1066	MLKJ	0	normal
1067	MLKJ	0	normal
1068	MLKJZDQ	0	normal
1069	ML	0	normal
1070	MMWN>	0	bracketed
1071	MN	0	normal
1072	MN	0	normal
1073	MN	0	normal
1074	MN	0	normal
1075	MN>	0	normal
1076	MN>JL	0	normal
1077	MNXJ	0	normal
1078	MNN>	0	parethesied
1079	MNSWN	0	normal
1080	MN<	0	normal
1081	MNC>	0	normal
1082	MNC>	0	normal
1083	MNT>	0	parethesied
1084	MS>	0	normal
1085	MST>	0	parethesied
1086	SKN	0	parethesied
1087	MSR	0	normal
1088	MST>	0	parethesied
1089	M<>	0	normal
1090	M<S	0	normal
1091	<QL	0	parethesied
1092	M<RT>	0	parethesied
1093	MY>	0	normal
1094	MY<	0	normal
1095	MYRJN	0	normal
1096	MQDWNJ>	0	bracketed
1097	MQLWN	0	bracketed
1098	MR	0	normal
1099	MR>	0	normal
1100	MR>	0	parethesied
1101	MRGNJT>	0	parethesied
1102	MRD	0	normal
1103	MRX	0	normal
1104	MRV	0	normal
1105	MRJM	0	normal
1106	MRJM	0	normal
1107	MRJM	0	normal
1108	MRJM	0	normal
1109	MRJM	0	normal
1110	MRJM	0	normal
1111	MRJM	0	normal
1112	MRJT>	0	parethesied
1113	MR<	0	normal
1114	MRQWS	0	normal
1115	MRT>	0	normal
1116	MCX	0	normal
1117	MCX	0	normal
1118	MCK	0	normal
1119	MTM	0	normal
1120	MTWCLX	0	normal
1121	MTX	0	normal
1122	MTJ	0	normal
1123	MTJ>	0	normal
1124	MTJT>	0	normal
1125	MTL	0	normal
1126	MTN	0	normal
1127	MTRJ>	1	bracketed
1128	MTT>	0	normal
1129	N>JN	0	normal
1130	N>PWLJS	0	normal
1131	N>QWLJV>	0	normal
1132	N>QWLJV>	0	bracketed
1133	NB>	0	parethesied
1134	NB<	0	normal
1135	NGD	0	normal
1136	NGH	0	normal
1137	NGJ	0	normal
1138	NGR	0	normal
1139	NGR	0	normal
1140	ND	0	normal
1141	NDR	0	normal
1142	NHM	0	normal
1143	NHR	0	normal
1144	NHR	0	normal
1145	NWG	0	parethesied
1146	ND	0	parethesied
1147	NWX	0	normal
1148	NX	0	parethesied
1149	NM	0	parethesied
1150	NWM>	0	bracketed
1151	NWMP>	0	normal
1152	NWN	0	normal
1153	NWN>	0	parethesied
1154	NWS>	0	bracketed
1155	NP	0	parethesied
1156	NWR	0	parethesied
1157	NXWM	0	normal
1158	NXWR	0	normal
1159	NXL>	0	parethesied
1160	NXM	0	parethesied
1161	NXC>	0	parethesied
1162	NXCWN	0	normal
1163	NXT	0	normal
1164	NXT>	0	parethesied
1165	NVR	0	normal
1166	NJGR	0	normal
1167	NJNW>	0	normal
1168	NJQDMWS	0	normal
1169	NJQL>WS	0	normal
1170	NJQNWR	0	normal
1171	NJQPWLJS	0	normal
1172	NJR	0	normal
1173	NJC	0	normal
1174	NK>	0	normal
1175	NKL	0	normal
1176	NKS	0	normal
1177	NKP	0	normal
1178	NKR	0	parethesied
1179	NKT	0	normal
1180	NMWS>	0	bracketed
1181	NMR	0	parethesied
1182	NN<>	0	parethesied
1183	NSB	0	normal
1184	NS>	0	parethesied
1185	NSR	0	normal
1186	N<B>	0	parethesied
1187	N<MN	0	normal
1188	NPX	0	normal
1189	NPVJR>	0	parethesied
1190	NPL	0	normal
1191	NPS	0	normal
1192	NPY	0	normal
1193	NPQ	0	normal
1194	NPC	0	normal
1195	NPT>	0	parethesied
1196	NPTX	0	normal
1197	NPTLJ	0	normal
1198	NY>	0	normal
1199	NYB	0	normal
1200	NYX	0	normal
1201	NYL	0	normal
1202	NYRT	0	normal
1203	NQ>	0	normal
1204	NQB	0	normal
1205	NQD	0	parethesied
1206	NQ<>	0	parethesied
1207	NQP	0	normal
1208	NQR	0	normal
1209	NQC	0	normal
1210	NRG>	0	parethesied
1211	NRD	0	normal
1212	NRJ	0	normal
1213	NRQSWS	0	normal
1214	NCB	0	normal
1215	NCQ	0	normal
1216	NCR>	0	parethesied
1217	NTN	0	normal
1218	NTNJ>JL	0	normal
1219	NTP	0	normal
1220	S>B	0	normal
1221	S>M>	0	bracketed
1222	S>N	0	normal
1223	SRWN>	0	normal
1224	S>T>	0	parethesied
1225	SJB	0	parethesied
1226	SBL	0	normal
1227	SBSV>	0	bracketed
1228	SB<	0	normal
1229	SBR	0	normal
1230	SBR	0	parethesied
1231	SG>	0	normal
1232	SGD	0	normal
1233	SGWL>	0	parethesied
1234	SGP	0	normal
1235	SD>	0	normal
1236	SDWM	0	normal
1237	SDWN>	0	parethesied
1238	SDQ	0	normal
1239	SHD	0	normal
1240	SHR>	0	parethesied
1241	SW>	0	normal
1242	SJB	0	parethesied
1243	SG	0	parethesied
1244	SWDR>	0	bracketed
1245	SWX	0	normal
1246	SK	0	parethesied
1247	SWK>	0	parethesied
1248	SWKN>	0	parethesied
1249	SWNVJK>	0	normal
1250	SWSJ>	0	parethesied
1251	SWSJPVRWS	0	normal
1252	SWSTNJS	0	normal
1253	SWP	0	parethesied
1254	SWPVRWS	0	normal
1255	SWRJ>	0	normal
1256	SX>	0	normal
1257	SXP	0	normal
1258	SV>	0	normal
1259	SVM	0	normal
1260	SVN>	0	parethesied
1261	SVR	0	parethesied
1262	SM	0	parethesied
1263	SJMWN	0	normal
1264	SJN	0	normal
1265	SJNJ	0	normal
1266	SJ<	0	parethesied
1267	SJP	0	normal
1268	SK>	0	parethesied
1269	SKL	0	parethesied
1270	SKL	0	normal
1271	SKR	0	normal
1272	SKRJWV>	0	normal
1273	SL>	0	normal
1274	SLWNWS	0	normal
1275	SLWNWS	0	normal
1276	SLWQJ>	0	normal
1277	SLMWN	0	normal
1278	SLMWN>	0	normal
1279	SLMN>	0	normal
1280	SLQ	0	normal
1281	SM	0	normal
1282	SMWS	0	normal
1283	ZMWRN>	0	normal
1284	SMWTR>QJ	0	normal
1285	SMJ	0	normal
1286	SMJD>	0	parethesied
1287	SMK	0	normal
1288	SML>	0	parethesied
1289	SMQ	0	normal
1290	SN	0	normal
1291	SN>	0	normal
1292	SNR	0	parethesied
1293	SN>	0	normal
1294	SNQ	0	normal
1295	SS	0	normal
1296	S<>	0	normal
1297	S<R	0	normal
1298	S<R	0	normal
1299	SP>	0	parethesied
1300	SPJL>	0	parethesied
1301	SPN	0	parethesied
1302	SPSJR>	0	bracketed
1303	SPQ	0	normal
1304	SPR	0	normal
1305	SPR>	0	parethesied
1306	SPR>	0	parethesied
1307	SPT>	0	parethesied
1308	SQ>	0	parethesied
1309	SQW>	0	normal
1310	SQWNDWS	0	normal
1311	SR>	0	normal
1312	SR>	0	normal
1313	SRG	0	normal
1314	SRGJWS-PWLWS	0	normal
1315	SRD	0	normal
1316	SRDWN	0	bracketed
1317	SRDJS	0	normal
1318	SRWG	0	normal
1319	SRX	0	normal
1320	SRV	0	normal
1321	SRQ	0	normal
1322	SRQWS>	0	normal
1323	ST>	0	parethesied
1324	STR	0	normal
1325	<>D>	0	parethesied
1326	<B>	0	parethesied
1327	<BD	0	normal
1328	<BDW	0	normal
1329	<BWR>	0	parethesied
1330	<BJ	0	normal
1331	<BR	0	normal
1332	<BR	0	normal
1333	<BRJ>	0	parethesied
1334	<GL	0	parethesied
1335	<GN	0	normal
1336	<D	0	normal
1337	<D>	0	normal
1338	<DKJL	0	normal
1339	<DL	0	normal
1340	<DM>	0	normal
1341	<DN	0	normal
1342	<DR	0	normal
1343	<DT>	0	parethesied
1344	<HD	0	normal
1345	<HN	0	normal
1346	<WB>	0	parethesied
1347	<WBJD	0	normal
1348	<WD	0	parethesied
1349	<WZJ>	0	normal
1350	<WZNJ>	0	parethesied
1351	<WK	0	parethesied
1352	<WL	0	parethesied
1353	<WL	0	parethesied
1354	<P	0	parethesied
1355	<P	0	parethesied
1356	<Q	0	parethesied
1357	<WQS>	0	parethesied
1358	<WR	0	parethesied
1359	<RL	0	parethesied
1360	<RP	0	parethesied
1361	<Z	0	normal
1362	<Z>	0	parethesied
1363	<ZWR	0	normal
1364	<ZL	0	normal
1365	<ZQT>	0	parethesied
1366	<ZR	0	normal
1367	<V>	0	normal
1368	<VL	0	normal
1369	<VM>	0	parethesied
1370	<VP	0	normal
1371	<VR	0	normal
1372	<JN-JWN	0	normal
1373	<JN	0	normal
1374	<JR	0	normal
1375	<R	0	parethesied
1376	<KW	0	normal
1377	<L	0	normal
1378	<LB	0	normal
1379	<L>	0	normal
1380	<LWJ	0	normal
1381	<LJM>	0	parethesied
1382	<LM>	0	parethesied
1383	<L	0	normal
1384	<M	0	normal
1385	<M>WS	0	normal
1386	<MD	0	normal
1387	<MWD>	0	parethesied
1388	<MWY	0	normal
1389	<MWR>	0	normal
1390	<MV	0	normal
1391	<MJNDB	0	normal
1392	<MJR>	0	parethesied
1393	<ML	0	normal
1394	<MNW>JL	0	normal
1395	<MY	0	normal
1396	<MQ	0	normal
1397	<MR	0	normal
1398	<MR	0	normal
1399	<N>	0	normal
1400	<N>	0	normal
1401	<N>	0	parethesied
1402	<NBT>	0	parethesied
1403	<ND	0	normal
1404	<NN>	0	parethesied
1405	<SB	0	normal
1406	<SW	0	normal
1407	<SQ	0	normal
1408	<SR	0	normal
1409	<SRT-MDJ"NT>	1	normal
1410	<P	0	normal
1411	<P	0	normal
1412	<P>	0	normal
1413	<PQ	0	normal
1414	<PR	0	parethesied
1415	<Y>	0	normal
1416	<YB	0	normal
1417	<YR	0	normal
1418	<QB	0	normal
1419	<QM	0	normal
1420	<QR	0	normal
1421	<QRB>	0	parethesied
1422	<R>	0	normal
1423	<RB	0	normal
1424	<RB	0	normal
1425	<RB	0	normal
1426	<RB>	0	parethesied
1427	<RWR>	0	parethesied
1428	<RVL	0	normal
1429	<RM	0	normal
1430	<RS>	0	parethesied
1431	<RPL	0	normal
1432	<RY	0	normal
1433	<RQ	0	normal
1434	<RQT>	0	parethesied
1435	<CN	0	normal
1436	<CQ	0	normal
1437	<NT	0	normal
1438	<TD	0	normal
1439	<TQ	0	normal
1440	<TR	0	normal
1441	P>VR>	0	normal
1442	P>J	0	normal
1443	PQ	0	normal
1444	P>R>	0	parethesied
1445	PGD	0	normal
1446	PGN>	0	bracketed
1447	PG<	0	normal
1448	PGR	0	parethesied
1449	PDN>	0	parethesied
1450	PH>	0	normal
1451	PHSVWS	0	normal
1452	PWB>	0	normal
1453	PG	0	parethesied
1454	PWGLWS	0	normal
1455	PWDS	0	normal
1456	PWVJ>LWS	0	normal
1457	PWLWS	0	normal
1458	PWM>	0	parethesied
1459	PWNJQ>	0	normal
1460	PWNKS	0	normal
1461	PWPLJWS	0	normal
1462	PWRS>	0	parethesied
1463	PWR	0	parethesied
1464	PC	0	parethesied
1465	PTQ	0	normal
1466	PX>	0	parethesied
1467	PXZ	0	parethesied
1468	PXM	0	parethesied
1469	PXR	0	parethesied
1470	PVM	0	parethesied
1471	PVMWS	0	normal
1472	PVR	0	normal
1473	PVRB>	0	normal
1474	PVRWS	0	normal
1475	PJLDLPJ>	0	normal
1476	PLSP	0	normal
1477	PJLVWS	0	normal
1478	PJLVWS	0	normal
1479	PJLJMWN	0	normal
1480	PJLJPWS	0	normal
1481	PJLJPWS	0	normal
1482	PJLJPWS	0	normal
1483	PJLJPWS	0	normal
1484	PJLJPWS	0	normal
1485	PJLKS	0	normal
1486	PJLLGWS	0	normal
1487	PJNK>	0	bracketed
1488	PJS	0	parethesied
1489	PJSJDJ>	0	normal
1490	PJRM>	0	parethesied
1491	PK>	0	parethesied
1492	PKH	0	normal
1493	PKR	0	normal
1494	PL>T>	0	parethesied
1495	PLG	0	normal
1496	PLG	0	normal
1497	PLGWN	0	normal
1498	PLX	0	normal
1499	PLV	0	normal
1500	PLN	0	normal
1501	PL<	0	normal
1502	PLC	0	normal
1503	PMPWLJ>	0	normal
1504	PN>	0	normal
1505	PNW>JL	0	normal
1506	PNVWS	0	normal
1507	PNVQWSV>	0	normal
1508	PNQ	0	normal
1509	PNQJT>	0	bracketed
1510	PS	0	normal
1511	PSQ	0	normal
1512	PSQJT>	0	parethesied
1513	P<	0	normal
1514	P<L	0	normal
1515	P<R	0	normal
1516	PPWS	0	normal
1517	PY>	0	parethesied
1518	PYX	0	normal
1519	PYX	0	normal
1520	PQD	0	normal
1521	PQX	0	normal
1522	PQ<	0	normal
1523	PRG>	0	normal
1524	PRGL>	0	bracketed
1525	PRGMWS	0	normal
1526	PRD	0	normal
1527	PRDJS>	0	parethesied
1528	PRHSJ>	0	bracketed
1529	PRWG>	0	parethesied
1530	PRWGJ>	0	normal
1531	PRZL>	0	parethesied
1532	PRX	0	normal
1533	PRVWNVWS	0	normal
1534	PRVWRJN	0	bracketed
1535	PRJSQL>	0	normal
1536	PRK	0	normal
1537	PRKRWS	0	normal
1538	PRMN>	0	normal
1539	PRNS	0	normal
1540	PRS	0	normal
1541	PRS	0	normal
1542	PRSJ	0	normal
1543	PRSS	0	normal
1544	PR<	0	normal
1545	PR<	0	normal
1546	PR<WN	0	normal
1547	PRP<	0	normal
1548	PRY	0	normal
1549	PRYWP>	0	bracketed
1550	PRQ	0	normal
1551	PRQLJV>	0	bracketed
1552	PRC	0	normal
1553	PRC>	0	parethesied
1554	PRT	0	normal
1555	PRT	0	normal
1556	PRTWJ>	0	normal
1557	PCX	0	normal
1558	PCV	0	normal
1559	PCG	0	parethesied
1560	PCK	0	normal
1561	PCQ	0	normal
1562	PCR	0	normal
1563	PT>	0	normal
1564	PTGM>	0	parethesied
1565	PTWR>	0	parethesied
1566	PTX	0	normal
1567	PTK	0	normal
1568	PTKR>	0	parethesied
1569	Y>J	0	normal
1570	YB>	0	normal
1571	YB>WT	0	bracketed
1572	YB<	0	normal
1573	YB<>	0	parethesied
1574	YBT	0	normal
1575	YD	0	normal
1576	YD>	0	normal
1577	YH>	0	normal
1578	YHJWN	0	normal
1579	YD	0	parethesied
1580	YX>	0	parethesied
1581	YM	0	parethesied
1582	YWR	0	normal
1583	YR	0	parethesied
1584	YR	0	parethesied
1585	YT	0	parethesied
1586	YXW>	0	parethesied
1587	YXN	0	normal
1588	YJD	0	normal
1589	YD	0	parethesied
1590	YJDN	0	normal
1591	YL	0	normal
1592	YL>	0	normal
1593	YLB	0	normal
1594	YLX	0	normal
1595	YLM>	0	parethesied
1596	YLP	0	normal
1597	YMX	0	normal
1598	YN<	0	normal
1599	Y<	0	normal
1600	Y<R	0	normal
1601	YPX	0	normal
1602	YPR>	0	parethesied
1603	YPR>	0	parethesied
1604	YPRJ>	0	parethesied
1605	YY>	0	parethesied
1606	YYL>	0	parethesied
1607	YR>	0	normal
1608	YRK	0	normal
1609	YRPT	0	normal
1610	QJBWT>	0	bracketed
1611	Q>JN	0	normal
1612	Q>RS>	0	bracketed
1613	QB>	0	bracketed
1614	QBL	0	normal
1615	QB<	0	normal
1616	QBR	0	normal
1617	QD	0	normal
1618	QDJ	0	normal
1619	QDL>	0	parethesied
1620	QDM	0	normal
1621	QDRWN	0	normal
1622	QW	0	normal
1623	QW>RVS	0	normal
1624	QWBRNJV>	0	bracketed
1625	QWD>	0	normal
1626	QDC	0	normal
1627	QW>	0	parethesied
1628	QWLWNJ>	0	bracketed
1629	QWLSWS	0	normal
1630	QWLT>	0	parethesied
1631	QM	0	parethesied
1632	QWNJMWN	0	bracketed
1633	QWSM	0	normal
1634	QPN	0	normal
1635	QWPRWS	0	normal
1636	QWRX	0	normal
1637	QWRVB>	0	bracketed
1638	QWRJ>	0	bracketed
1639	QWRJN>	0	bracketed
1640	QWRJNWS	0	normal
1641	QWRJNTWS	0	bracketed
1642	QWRNJLJWS	0	normal
1643	QWCT>	0	parethesied
1644	QVL	0	normal
1645	QVM>	0	parethesied
1646	QVN	0	normal
1647	QVN>	0	normal
1648	QV<	0	normal
1649	QVP	0	normal
1650	QVR	0	normal
1651	QVRG	0	normal
1652	QJV>	0	parethesied
1653	QJVWN>	0	parethesied
1654	QJLJQJ>	0	normal
1655	QNDJNWS	0	bracketed
1656	QJNJ>	0	parethesied
1657	QJNN	0	normal
1658	QJNN	0	normal
1659	QJNT>	0	parethesied
1660	QJS>	0	parethesied
1661	QJP>	0	normal
1662	QJC	0	normal
1663	QJTR>	0	bracketed
1664	QL	0	normal
1665	QL	0	parethesied
1666	QLWDJ>	0	normal
1667	QLWDJWS	0	bracketed
1668	QLJD>	0	parethesied
1669	QLJWP>	0	normal
1670	QLJWP>	0	normal
1671	QLMJS	0	normal
1672	QLS	0	parethesied
1673	QLP	0	normal
1674	QMX>	0	parethesied
1675	QMV	0	normal
1676	QMY>	0	parethesied
1677	QN>	0	normal
1678	QN>	0	normal
1679	QNDQ	0	normal
1680	QNM	0	parethesied
1681	QNV	0	normal
1682	QNVRWN>	0	bracketed
1683	QNJ>	0	parethesied
1684	QNJDWS	0	normal
1685	QNKR>S	0	normal
1686	QNNJ>	0	normal
1687	QSV>	0	bracketed
1688	QSVWNR>	0	bracketed
1689	QSR	0	normal
1690	QSRJ>	0	normal
1691	QSRJ>-DPJLJPWS	0	normal
1692	Q<>	0	normal
1693	Q<D	0	normal
1694	QPDWQJ>	0	bracketed
1695	QPX	0	normal
1696	QPS	0	normal
1697	QY	0	normal
1698	QY>	0	normal
1699	QYM	0	normal
1700	QR	0	normal
1701	QR>	0	normal
1702	QRB	0	normal
1703	QRWSVLWS	0	bracketed
1704	QRV>	0	normal
1705	KRJSPWS	0	normal
1706	QRJSQWS	0	normal
1707	QRJT>	0	parethesied
1708	QRJT>	0	parethesied
1709	QRKDN>	0	bracketed
1710	QRM	0	normal
1711	QRN>	0	parethesied
1712	QRPWS	0	normal
1713	QRY	0	normal
1714	QRQWR>	0	bracketed
1715	QRQPT>	0	parethesied
1716	QRC	0	normal
1717	QC	0	normal
1718	QC>	0	parethesied
1719	QCT	0	parethesied
1720	RZ>	0	parethesied
1721	RB	0	normal
1722	RB>	0	normal
1723	RB<	0	normal
1724	RG	0	normal
1725	RGZ	0	normal
1726	RGJWN	0	normal
1727	RGL	0	parethesied
1728	RGM	0	normal
1729	RGC	0	normal
1730	RD>	0	normal
1731	RDP	0	normal
1732	RHB	0	normal
1733	RHBWN>	0	bracketed
1734	RHWM>	0	normal
1735	RHV	0	normal
1736	RHVR>	0	bracketed
1737	RW>	0	normal
1738	RB	0	parethesied
1739	RWBJL	0	normal
1740	RWD>	0	normal
1741	RWDWS	0	normal
1742	RWZ	0	normal
1743	RWX	0	normal
1744	RM	0	parethesied
1745	RWMX>	0	parethesied
1746	R<T	0	normal
1747	RWPWS	0	normal
1748	RXB	0	normal
1749	RXB<M	0	normal
1750	RXJ>	0	parethesied
1751	RXJL	0	normal
1752	RXM	0	normal
1753	RXP	0	normal
1754	RXQ	0	normal
1755	RXC	0	normal
1756	RVB	0	normal
1757	RVN	0	normal
1758	RJX	0	parethesied
1759	RJC	0	normal
1760	RK	0	normal
1761	RKB	0	normal
1762	RKN	0	normal
1763	RKC	0	normal
1764	RM>	0	normal
1765	RMZ	0	normal
1766	RMC>	0	parethesied
1767	RMT>	0	normal
1768	RMT>	0	normal
1769	RN>	0	normal
1770	RS	0	normal
1771	RS>	0	normal
1772	R<	0	normal
1773	R<>	0	normal
1774	R<>	0	normal
1775	R<WT	0	normal
1776	R<>	0	normal
1777	R<L	0	normal
1778	R<M	0	normal
1779	RP	0	normal
1780	RP>	0	normal
1781	RPN	0	normal
1782	RPQ>	0	normal
1783	RPC>	0	parethesied
1784	RPT	0	normal
1785	RYP	0	normal
1786	RQ	0	normal
1787	RQD	0	normal
1788	RQ<	0	normal
1789	RC>	0	normal
1790	RC>	0	parethesied
1791	RCM	0	normal
1792	RC<	0	normal
1793	RT	0	normal
1794	RT>	0	parethesied
1795	RTX	0	normal
1796	C>D>	0	parethesied
1797	C>WL	0	normal
1798	C>WL	0	normal
1799	C>L	0	normal
1800	C>RJ>	0	parethesied
1801	CB	0	parethesied
1802	CB>	0	normal
1803	CBB>	0	parethesied
1804	CBV>	0	parethesied
1805	CBL	0	parethesied
1806	CBL>	0	parethesied
1807	CB<	0	normal
1808	CBQ	0	normal
1809	CBR>	0	parethesied
1810	CBCT>	0	parethesied
1811	CBT>	0	parethesied
1812	CBT>	0	parethesied
1813	CG>	0	normal
1814	CGNJ	0	normal
1815	CGR	0	normal
1816	CGC	0	normal
1817	CD>	0	normal
1818	CDL	0	normal
1819	CDR	0	normal
1820	CHR	0	normal
1821	CW>	0	normal
1822	CWB>	0	parethesied
1823	CBX	0	normal
1824	CWG	0	parethesied
1825	CWZB	0	normal
1826	CWX	0	normal
1827	CX	0	parethesied
1828	CV	0	parethesied
1829	CWMT>	0	parethesied
1830	CW<>	0	parethesied
1831	CP	0	parethesied
1832	CPN	0	normal
1833	CWQ>	0	parethesied
1834	CQR	0	normal
1835	CWR	0	normal
1836	CWR	0	normal
1837	CWCN	0	normal
1838	CWCN	0	normal
1839	CWTP	0	normal
1840	CXD	0	normal
1841	CXV	0	normal
1842	CXN	0	normal
1843	CXQ	0	normal
1844	CXR	0	normal
1845	CXR	0	normal
1846	CXT	0	normal
1847	CV>	0	normal
1848	CVP	0	normal
1849	CVR	0	normal
1850	CJWL	0	normal
1851	CWX	0	parethesied
1852	CJL>	0	normal
1853	CJLWX>	0	normal
1854	CJM	0	normal
1855	CJN	0	normal
1856	CJPWR>	0	parethesied
1857	CJC>	0	parethesied
1858	CJCLT>	0	parethesied
1859	CJT	0	normal
1860	>CKB	0	parethesied
1861	>CKX	0	parethesied
1862	CKJM	0	normal
1863	CKR	0	normal
1864	CKN	0	normal
1865	CKR	0	normal
1866	CKR>	0	parethesied
1867	CL>	0	normal
1868	CLD>	0	parethesied
1869	LHB	0	parethesied
1870	CLWM	0	normal
1871	CLX	0	normal
1872	CLX	0	normal
1873	CLX	0	normal
1874	CLV	0	normal
1875	CLJM	0	normal
1876	CLJM	0	normal
1877	CLJMWN	0	normal
1878	CLM	0	normal
1879	CLT>	0	parethesied
1880	CLT>JL	0	normal
1881	CM	0	parethesied
1882	CMW>JL	0	normal
1883	CMWN>	0	parethesied
1884	CMV	0	normal
1885	CMJ>	0	normal
1886	CMN	0	normal
1887	CM<	0	normal
1888	CM<WN	0	normal
1889	CM<WN	0	normal
1890	CM<WN	0	normal
1891	CM<WN	0	normal
1892	CM<WN	0	normal
1893	CM<WN	0	normal
1894	CM<WN	0	normal
1895	CM<WN	0	normal
1896	CM<WN	0	normal
1897	CM<WN	0	normal
1898	CM<WN	0	normal
1899	CM<WN	0	normal
1900	CM<J	0	normal
1901	CMRJN	0	normal
1902	CMC	0	normal
1903	CMC	0	parethesied
1904	CMCWN	0	normal
1905	CN>	0	parethesied
1906	CN>	0	normal
1907	CND	0	normal
1908	CNQ	0	normal
1909	CNT>	0	parethesied
1910	CNT>	0	parethesied
1911	C<>	0	parethesied
1912	C<T>	0	parethesied
1913	CP>	0	normal
1914	CPJ>	0	parethesied
1915	CPJR>	0	normal
1916	CPL	0	normal
1917	CP<	0	normal
1918	CPR	0	normal
1919	CQ>	0	parethesied
1920	CQ>	0	parethesied
1921	CQJP>	0	parethesied
1922	CQL	0	normal
1923	CR	0	normal
1924	CR>	0	normal
1925	CRB	0	normal
1926	CRG	0	normal
1927	CRX	0	normal
1928	CRJN>	0	parethesied
1929	CRJN>	0	parethesied
1930	CRJT>	0	parethesied
1931	CRK	0	normal
1932	CR<	0	normal
1933	CT	0	normal
1934	CT>	0	normal
1935	CTQ	0	normal
1936	T>WVJR>	0	normal
1937	T>WM>	0	normal
1938	T>WPJL>	0	normal
1939	T>VRWN	0	bracketed
1940	T>M>	0	parethesied
1941	T>RT>	0	parethesied
1942	TT>	0	parethesied
1943	TBJL	0	normal
1944	TBN>	0	parethesied
1945	TB<	0	normal
1946	TBR	0	normal
1947	TG>	0	parethesied
1948	TGR	0	normal
1949	TD>	0	parethesied
1950	TDJ	0	normal
1951	TH>	0	parethesied
1952	THWM>	0	bracketed
1953	THR	0	normal
1954	TW	0	normal
1955	TW>	0	normal
1956	TB	0	parethesied
1957	TWD>	0	normal
1958	TWH	0	normal
1959	TWL<>	0	parethesied
1960	TWN>	0	parethesied
1961	TWR	0	normal
1962	TWR>	0	parethesied
1963	TWT>	0	parethesied
1964	TXWM>	0	parethesied
1965	TXJT	0	parethesied
1966	TKB	0	normal
1967	TKL	0	normal
1968	TKLT>	0	parethesied
1969	TKS	0	normal
1970	TL>	0	normal
1971	TLG>	0	parethesied
1972	TLT	0	normal
1973	TL	0	parethesied
1974	TMH	0	normal
1975	TM	0	normal
1976	TMN	0	normal
1977	TMN>	0	normal
1978	TMR	0	normal
1979	TN>	0	normal
1980	TNWR>	0	parethesied
1981	TNN>	0	parethesied
1982	TNN	0	parethesied
1983	TNN>	0	parethesied
1984	TSWS	0	normal
1985	TSLWNJQ>	0	bracketed
1986	T<L>	0	parethesied
1987	TPL>	0	parethesied
1988	TQL	0	normal
1989	TQN	0	normal
1990	TQP	0	normal
1991	TR>>	0	parethesied
1992	TRGM	0	normal
1993	TRNWS	0	bracketed
1994	TRX	0	normal
1995	TRJN	0	normal
1996	TRML>	0	parethesied
1997	TRNGL>	0	parethesied
1998	TRSJ	0	normal
1999	TR<	0	normal
2000	TRY	0	normal
2001	TC<	0	normal
2002	>TMLJ	0	high_frequency
2003	LHL	0	high_frequency
2004	DWL>	0	high_frequency
2005	DD>	0	high_frequency
2006	BGW	0	high_frequency
2007	LGW	0	high_frequency
2008	XT>	0	high_frequency
2009	>WRQLJDWN	0	high_frequency
2010	<RBJ>	0	high_frequency
2011	CBT>	0	high_frequency
2012	XNN	0	high_frequency
2013	>JMM>	0	high_frequency
2014	DLM>	0	high_frequency
2015	LM>	0	high_frequency
2016	MMTWM	0	high_frequency
2017	MGL>	0	high_frequency
2018	MSKN	0	high_frequency
2019	<Z>	0	high_frequency
2020	<T>	0	high_frequency
2021	TRML>	0	high_frequency
2022	>KXD>	0	high_frequency
2023	>KZN>	0	high_frequency
2024	BTR	0	high_frequency
2025	LBR	0	high_frequency
2026	MXD>	0	high_frequency
2027	NTL	0	high_frequency
2028	QLWDJWS	0	normal
2029	KL	0	normal
2030	<L	0	normal
2031	<M	0	normal
2032	CBHR	0	high_frequency
2033	HJMN	0	normal
2034	>LP	0	high_frequency
2035	<RBJ>	0	normal
2036	>RZ	0	high_frequency
2037	LXWD	0	high_frequency
2038	CLHB	0	high_frequency
2039	>NVJWKJ	0	normal
2040	>PSWS	0	normal
2041	>WRWS	0	normal
2042	>TNWS	0	normal
2043	GLVJ>	0	normal
2044	DRMSWQ	0	normal
2045	MQDWNJ>	0	normal
2046	QPDWQJ>	0	normal
2047	QWRJN>	0	normal
2048	QWRJNTWS	0	normal
2049	TSLWNJQ>	0	normal
