"","Topic 1","Topic 2","Topic 3","Topic 4","Topic 5","Topic 6","Topic 7","Topic 8","Topic 9","Topic 10","Topic 11","Topic 12","Topic 13","Topic 14","Topic 15","Topic 16","Topic 17","Topic 18","Topic 19","Topic 20","Topic 21","Topic 22","Topic 23","Topic 24","Topic 25","Topic 26","Topic 27","Topic 28","Topic 29","Topic 30","Topic 31","Topic 32","Topic 33","Topic 34","Topic 35","Topic 36","Topic 37","Topic 38","Topic 39","Topic 40"
"1","wnhpk","whj","psalms","xkmt","ddj","bjmlk","mqvl","tjbwt","djlh","wnhw","ttb","154","dwjd","mwc","khn","jwb","mlk","djn","wcjhwn","hww","jsrjl","verse","mrx","qwb","lhk","tcbwxth","prjm","vrwn","ybt","wqrb","0108695652173913","dnj","lprn","mrj","119","stjr","dcwjn","mnth","zmj","hkn"
"2","117","brh","baruch","bjc","klt","bnjmjn","xmth","jkw","djlk","qwb","bqvm","155","jsrjl","hrwn","hrwn","mnw","jsrjl","gjr","bvwcj","djn","mwc","mrj","djnt","brhm","mrj","ljtj","jwmt","dxlt","128","qvm","00555555555555556","hjdjn","jhwdjt","xjltn","mrj","mwrdkj","ybjt","tvrp","rclm","jsrjl"
"3","klwnh","hww","apocryphal","xkjm","cpjrtj","cmcwn","nvc","njhjn","djlhwn","qdjc","rqdw","cwcn","mlk","lmwc","nhw","nwhr","dmrj","jljn","tybwn","mlk","jcw","mvl","wmdbr","jwsp","lhkwn","pwnq","wbvnt","mclv","wttjd","nbvlwn","00919117647058824","ldnj","wnp","wrclm","npcj","xcjrjc","xcxw","blkj","dxmcjn","brnc"
"4","dhjmnwt","hljn","letter","bjct","rxmt","dmdjn","hjhwn","dcmrjn","djlj","jkj","125","knwct","ldwjd","jsrjl","mwc","svn","wrclm","hww","wtv","sgj","dbn","nwn","dcnj","jsxq","jwmn","xmrhwn","znj","crr","181","134","00406137184115523","wrmrmwhj","dmdjnt","hkn","dnjk","hmn","wmrn","tmljn","zdj","mjn"
"5","101","wld","njxw","sgj","lddj","nptx","ldbb","mksj","hnwn","xzqj","jbw","152","gbr","ddhb","lmrj","xcwk","cljmwn","hljn","168","lhwn","cbv","lhwn","tqwl","wld","lkwn","160","wrxmw","dmclv","wcm","wlxjbwt","00225631768953069","nbwkdnyr","wzj","djhwd","lhj","151","xwjt","rgthwn","ddx","dbjt"
"6","bbsrh","wbn","1maccabees","ntt","qrjbtj","mjk","lmqvlh","rxmwt","djln","twrj","jrw","153","cmw","dmckn","mrj","xsjn","djhwd","hkjl","cnjn","jhwd","gwr","qdm","qwrc","bwhj","jkwn","brjchwn","rwrbn","dmvl","nvrwn","skn","00213675213675214","cbxwhj","xjwd","rmj","ldbbj","lmwrdkj","krjh","tqrwn","bzdjqwt","ptgmh"
"7","lxwsrn","srjn","jeremiah","gjr","dslq","mwn","nxj","lybw","wrjclm","zdjqwt","mtnyb","dcwcn","bclwm","dmyrjn","lkwn","lsvn","dbjt","sgj","dbjwm","jljn","qwr","dmrj","wjwtrn","brm","dmpqd","dnwblwnh","wrxth","dvrwn","dbxd","jyt","00434027777777778","rkw","ptg","mlk","lmrj","mlkt","dmgn","252","wwn","ljkj"
"8","jbwtk","dwjd","manasseh","skl","wzjl","bwh","rxm","bcwjt","hwjt","ljkj","dmcjxwth","djwjqjm","whw","rgwn","qwrbn","jnj","lmlk","mdm","dnbj","jwntn","lcr","wmn","dmtqn","xwhj","pwq","jlwn","174","dbjd","lbbwhj","lml","00586642599277978","dnwr","dvw","dbbl","jljn","bjrt","mxbl","btr","dtcbw","wnd"
"9","bjd","whljn","prayer","zdjq","gzr","dqrjt","wjhbw","dcwbhr","wkd","jqrh","kwbc","qcj","mrw","dpq","xvh","ljpz","jhwd","hwt","ldn","wrclm","crbt","jsrjl","hpk","ntth","rth","qrbtn","rxmj","wjtj","wnw","ltjmn","000134945482025262","twn","plw","ptgmh","106","bjrx","bht","nvwr","mvlhn","lkj"
"10","dgwljd","dbjt","solomon","brj","lbnn","dckjm","wnrqdwn","sqtk","vwbj","mcql","wnxwrwn","dprdjs","plc","mrj","nwhj","zkj","dmlk","nwn","wljrmn","wkd","lkwn","gbr","lmcbq","cmh","djm","wjwcj","sgjw","dcb","dwkrn","lxjn","00025360113613309","lmrj","rsh","dmrj","105","jhw","bqjs","wzb","bsw","djn"
"11","djrtw","wnjh","tobit","dzdjq","bnc","jtbw","bmy","ntkl","bnj","yhjwn","bpq","kljwm","lwt","svr","npc","xwjk","bjt","zbn","bhjhwn","dmlk","bthwn","whj","nxc","njn","bhjk","ylw","wnbwz","lhj","ctlx","mcbxjnn","00127551020408163","xlm","glj","bjct","zdjq","dhmn","bnpchwn","ypnj","dwt","wtd"
"12","lrxm","wrclm","dtklt","mnw","dddj","wslqw","gdj","tpthwn","jkn","wnbhtwn","ksp","tcwjth","dplc","dnxc","wmll","mckj","whw","dmn","lbc","djhwd","hrwn","klhwn","wcbqw","whw","wdj","btrhwn","bnjh","lmzk","dskwltn","qrjn","00478927203065134","ddhb","mtk","ldj","lnpcj","dmlkwt","lhnwn","lgb","nqw","xdr"
"13","rtwn","bnw","dvcjw","hkn","twbj","brq","mgdl","wplxwhj","jtwhj","tkj","wgd","shdw","jwntn","dhb","lwhj","ljhw","dwm","jtjr","mtrwrb","mnhwn","knwct","jwm","wclxw","wjh","ljk","llt","djwmt","kzn","gzwrw","txwmk","64803951836987e","bxjl","wsg","nbj","107","dmwrdkj","cwj","lxmh","tcbw","rwx"
"14","syriac","hwn","bsjmwt","rxm","ldrxmt","mnwx","whjkl","wqcj","vwbjv","djhwn","wtmn","drbwtk","ddwjd","dpr","mdbx","tjmnj","mrj","twb","wmksnwt","lpjn","lmwc","bjt","wmct","bwr","blxwd","qwrntjn","rxmjh","xwb","lbrj","wnsg","00012954710332677","mlkwt","bvw","twb","lbj","bcwcn","wjmw","ptwrh","xbjn","lxbl"
"15","wmnt","lpjn","cbxt","npch","lvbj","lgd","mdjnth","xjlwd","brj","kxd","bdjh","cwqr","bnjr","dmyr","nmws","tbjnt","nbj","xnn","dmnh","hwn","dcbv","klh","drmt","ntt","bqlh","tmjm","brmt","drxmt","wlcq","msjbr","000131995776135164","mbrk","wlwn","mrt","104","jhwdj","127","bbwsm","ddlm","dtr"
"16","dcwcnt","jhwn","ckl","tjr","cwr","wmt","lnwhr","brbwt","jtj","wxdwt","mxwt","ncwth","jwmn","dkj","wkl","ntmkkwn","qdm","lhwn","kmn","hljn","wcrw","hljn","kspj","wbn","wnm","wblwhj","hwc","rxmt","xzjtwn","wjrtwtk","000274056029232643","blvcyr","lhhwn","jhwd","lhn","lmctj","mthpk","cnjhwn","cjw","lpjn"
"17","lxz","gnbr","gnbr","jqr","rkj","kwmr","nvrn","lyrpt","jtjh","bzdjqwt","npl","jwjqjm","dwhj","zjl","qwdc","wprs","lwt","zjt","wnctlv","xjl","lbn","hkn","lgz","wnp","myrjn","dlxsn","dklh","skm","tdbr","wsbj","000560538116591928","wmrmrm","rpkcr","xrb","109","tktb","mlln","wnttzj","rdwt","wtwb"
"18","rbn","jcj","jlpt","pwmh","wtj","ndwb","qlk","qmx","djn","lhkj","psqt","qcjc","wcdr","ckr","mwm","srjq","btrh","mrjm","wttnb","mdjnt","wcqlw","lwt","lmmt","brh","bdwn","lnwkr","wnd","lcn","cbjl","wtbrh","000799005681818182","wpcrh","tdmrw","dhkn","pwq","ggj","mstkljn","ybth","bsj","jkj"
"19","rqt","xjl","sgjw","vbt","xjd","sjp","xwjl","whlkt","jcn","mjr","rkbwhj","trtjn","bdk","dbn","mxwt","ctwq","khn","tjd","lksp","rbt","txwm","njn","wmlk","dkn","lvwr","njq","tpnjw","nvjkws","wmth","xdrt","00118371212121212","dcmj","wns","bbl","xmwhj","lhmn","mwld","cnwn","dzdj","wmcx"
"20","wbtrk","topic","wdjcn","xvh","dlbnn","hwr","wnqwm","wzlj","djlkwn","rjt","wltwnj","wxmcjn","lxm","qwdc","dxvh","blj","hww","mckx","lptgm","lwt","dmnc","lwhj","wtnw","lbn","qdmjkwn","wmrjmjn","xsn","plx","drqj","lmdjnt","00141242937853107","mjck","jnt","ntwn","cbxw","whmn","wmnwth","drbwt","wjwrtnhwn","dmyrjn"
"21","ybjnh","zrj","wmbsm","dxlth","nrdwn","lcmcwn","dxr","mtt","gns","klwn","wnhpwk","dybj","ntt","ddrt","qdm","rwxj","jhw","jtwhj","bgwb","wcdr","wdkr","jhwn","mlpjn","dmyrjn","lwx","wntdkr","wdl","skjm","wmltk","mmkkjn","00142207053469852","mcbx","jzr","qrjt","wljt","btlt","dbrjt","mdrkjn","wlwthwn","bjnt"
"22","ylwth","ddwjd","dkrjt","bkl","djwn","prjm","qds","tktbw","ktb","rqwn","wqdct","gmrw","wdwjd","dzxwrjt","bdwn","zddqt","bbjth","nmws","dmrdt","mhwn","lpjn","lmrj","mtt","mrw","dnmws","wsrhbw","dmqdm","gjgt","mtdmjn","mtkljn","00241779497098646","bdn","bjhwn","blj","102","lkt","dwhj","mknwthwn","dlb","wxmc"
"23","dmtqrj","wkpr","kwmr","lbh","ddkj","ylm","wlcbn","tqvlw","lvwbj","nctm","bmdjnth","lhw","tmn","lmrj","wnhw","cwxj","ljc","btr","dshdwt","qrb","dpqd","ntwn","rpjw","ljwsp","jwrdnn","wvn","dmqjmjn","lvrwn","mtpnqjtwn","mxcbth","0025","dbbl","dlwqbl","wljt","118","wctj","zjw","wstrwhj","lcmh","tnb"
"24","dwkth","wtrjn","lnpch","dljt","dmwr","kbth","dbhw","wrjc","mrxmnwt","bxcwk","dswg","wdrnh","lpjn","wsm","thw","brm","xzqj","dkd","mtgr","clm","sjh","djn","ttprqwn","wjt","ltmn","xzt","tnwr","trn","xpjn","xpjv","00261044176706827","xzw","lbzt","lbbl","mnj","bcm","hjklh","xtnh","wxs","bgwh"
"25","khnwt","kwmr","qwbrwnj","xth","djkj","wdn","dlwsjmkws","bpt","whc","nqr","hmjr","xdjrjn","wqm","dmwc","wnsb","wbj","ddwjd","qljl","tcdrwn","gjr","dmrj","tmn","whdn","nwx","ntwn","cdwd","tsg","brhm","dmtk","ctmvw","000603281853281853","lmjn","xjlhwn","dmlk","lmjn","dmdjnt","pwr","hpkwh","rwth","bkj"
"26","ltwrsj","lwj","xwjh","mmll","ckxth","dmw","rgjg","dmmlkw","mbrk","xjq","njrk","dmnhwn","mrt","mckn","qwrbnh","wncm","twr","wjt","dnpqwd","tmn","jrtwt","bjwm","wklnc","whljn","dnwhj","lgwxk","bsrjqwt","wbjd","dpyxh","mmtwm","00126903553299492","wdnj","dnbwkdnyr","pqwd","mvl","ldbb","rxq","dslqt","bcrr","bjrx"
"27","mwhb","zkrj","dnqvlwnjhj","kjm","ywrkj","str","tngdt","jbbw","jtjk","cwm","wcxqw","nvrtwn","lmlk","xdr","lrmc","pdnj","wcdr","blxwd","lpwnjq","mrw","jwrdnn","btr","wlwt","lpr","wswhj","tqrbw","lmltk","dmsjb","dzwp","ddj","00187687687687688","jqdt","bwg","mrjn","pjk","ljwm","wkljl","wltwr","bxw","ptkr"
"28","mwth","cljv","dqwjtwn","cmc","ctqkj","tbj","ttktb","lmrgmh","bnjn","dlbnn","wlkwn","xbrk","vlj","dpdt","lmdbx","tbr","bwhj","hkn","rjcnwt","dbjt","sjhjn","hww","dbj","wns","jwrtn","wllwqj","mwrjh","zkwt","tbrjt","dplctj","00435203094777563","bqwct","bjw","bxrb","136","pwqdn","sbrjn","cmvj","bbw","sjp"
"29","pxm","dmn","myvbjn","hwjt","dlbwnt","wnjh","vwlc","nqvlwnnj","ntt","qwmj","wxwrw","dmq","dwm","myr","smjd","tmjm","brh","wkd","tctbq","hnwn","rwbjl","nhw","lmstr","bjmlk","mwc","llxm","trxmt","zjz","krsj","mstmk","000242901867645471","wmcbx","lmpq","yhjwn","qwb","bdrt","crjt","lrg","bjnk","ddrt"
"30","wqd","wrbn","tkjl","npck","dmtkr","wnxtw","wdjnh","wbdkwn","djlkj","dpwrqn","wzw","lwtkj","wgbr","wbwy","lrjx","dhc","bbjt","dhc","zhwn","bdw","djwrdnn","mdm","wqdwhj","wjl","qwr","bsrhwn","bjrt","bwn","ldq","mvltj","00228426395939086","ldj","wmkjl","twn","tdmr","mctj","wcmc","swsj","rtwt","xzw"
"31","bth","tnjn","wxjltnwth","hbl","drwmn","tqbr","wmstjbrjn","dylj","djrx","rcjt","xdh","hrmwn","hwt","djrj","lhkwn","mljn","tmn","xjltn","dmtt","nvjkws","lmrj","tjn","dnght","brj","bhjkwn","bkt","wdwkrnhwn","cwhj","mzg","pwmkwn","00254237288135593","brkw","lmcknh","ljh","zmr","ltkj","dbklmdm","wbcl","tkx","wxz"
"32","mdjq","lhn","dnpljn","jwt","dtyb","wplxw","wrw","lkwrc","hljn","ckr","dcrj","nxbl","jcj","mdbx","ntt","bwjn","lbjt","bjd","lmlzw","ljhwn","mrw","whw","mlkn","xjt","bjntkwn","wbkjnh","wnpqwd","lmmt","ntkj","txwr","0045","ktb","lnxl","hpk","103","hlj","drxmjn","bywm","wtrj","wrkh"
"33","wprqw","wlwj","ctlx","xmwhj","msxwt","dbwr","mht","mctwd","kwrc","mwy","mbdrjn","110","ntth","sdr","wnxs","wnpcj","lbjth","njt","psqjn","dmvrjws","qrb","ljhwn","xtw","bwhwn","ldbbjk","wmxjn","pnwn","lmy","wmpyjnkj","wlbjc","19185234208398e","qdmwhj","dnplwx","mwr","139","klmdm","wmrh","rkjb","jcn","wptjh"
"34","mdbxj","bjdt","dxzjt","lbk","qdlkj","sjsr","lllj","sjwt","jwnn","lyhjwn","nzjr","lprdjs","bwhj","wrkh","dkr","vllh","btr","swg","wknw","xmwhj","khn","ljn","kljh","rjm","ljv","wbypr","wlxmr","dbnmws","gptj","dcwhj","000103528242504555","zrj","rclm","dmyrjn","bdk","wrbn","mtngdjn","rtjt","wbrj","ldbjt"
"35","nvjr","bwkrh","lzb","brnc","tmjmt","gzt","crbtk","hdwt","wrjcljm","jwth","wcdjt","apcps","wcmh","prs","klwn","mtbjn","ptgmh","mwt","bsn","bjt","xmc","lkwn","nqp","whww","qdmjk","dmxj","pct","pwlwnjws","gwcj","wlydjwt","000152253349573691","bxzw","bljlw","ydqj","xmjk","mdj","mst","mpyj","wtw","pjhwn"
"36","tqpsw","hjdjn","wnhrwn","mckx","wdmgzj","ckjm","mttkjl","xpwr","brnc","ltk","bvb","mpcqn","wqr","wywb","rch","lxcwk","bjth","wmvl","dlwqblhwn","rqw","jrjxw","wrx","bpr","bwn","tcm","mttxdjn","cljvnjhwn","bkj","dnqlwn","wnmr","000248607796340493","qdjc","lvb","bhjkwn","vhj","wmctj","bpwqdnh","nttnjx","krj","hjn"
"37","bmgdw","wcb","wrg","thw","bsjm","zbwlwn","nstmkwn","dnct","djsrjl","njkj","wbpwqdn","bprdjs","dmn","dqjs","lxvh","pwtj","dwjd","jtjhwn","dprcjn","dhw","mckn","mnh","rkwb","wmjt","lhjhwn","wlyprh","djrb","wrxmt","dnmcxwn","jmt","000443892045454545","xzjt","dkwlh","mrw","lhh","wtkj","rgztwn","dlhd","wbx","rwgzj"
"38","ctwp","xnnj","dzj","wljt","jnj","ddn","nxzqwn","lpwqdnh","jwcj","twr","jtrw","vljt","jdh","lmckn","dgrb","wncmth","wcrk","qdjm","gnw","jhw","bqr","wkd","wlxmcjn","jln","jdk","xbt","mkrkj","dmlp","lnwvpt","kbtj","000747756729810568","cwlvn","msqn","nbwkdnyr","qdjc","zqt","dprxt","wmtdbr","tjhwn","bgw"
"39","bwtk","lmbn","kljwhj","jth","wcn","xdw","wbclmwt","mbrq","drjwc","nxl","wnqj","dcwc","wklh","xmc","wgbr","wntmkkwn","xjl","wtwb","tjtn","jsr","ljcw","bhwn","wmrkbt","dkjl","xwk","118","ngwrn","ldxlt","wxtjrwt","wmtxlm","00166666666666667","mrjm","dnqbt","lxwrb","vjbwtk","dbcwcn","mnsjn","124","dnxw","gwjt"
"40","lsjbwth","jcw","cbtw","lbj","wddj","wkm","wbcnj","mwdjn","rgw","wnd","bxmth","dnyrjk","wxwjw","xrn","djmjn","dxsjn","lpjn","lkwn","sjnj","lbjt","hljn","hwn","dntqrb","rxjl","dvm","tgbl","tqrjnj","lbjb","bswkr","dbclm","00267269736842105","xjwt","wntmlwn","jcm","bmrj","dpwr","gwrt","hbn","bcbv","wthw"
"41","nqvlwn","bnjmjn","dbgwdp","dskl","blbwc","wprjs","wbhtt","wblcn","xljm","rclm","drtx","wrgwh","zlw","lbh","dmcknzbn","lktj","mdbx","ljn","twd","wjhb","lbjt","kwl","dsbjn","btr","dbqwr","wmzdk","wktnj","mtngd","bqdr","dgdcjhj","00337837837837838","bgwb","njnw","mrwn","brkw","hgj","wbzdjqwt","trn","mlp","ksdr"
"42","wgwxk","cbv","ddxljn","dgbr","nvrt","wxzjn","wmdjcjn","wbrwgz","lnjnw","wbhljn","wnqdcwn","178","lqrjt","xwsj","jkwn","tplvt","bcnt","mnhwn","txc","mqdc","llw","wkl","dwst","bwk","ntt","wywt","znjw","dpgr","dthwjn","dnrhv","00349506578947368","jwt","wtmhw","ptgm","cmk","lwctj","pkj","dqrjwt","krjt","lrwx"
"43","wmsrhb","mnjn","dncb","ljt","smlh","ctw","bcwlmhwn","wnkncn","crbt","dwq","qmt","blbkwn","qrb","qbwt","mcx","xdjt","zlw","jdjn","yjkwn","tkncw","wmll","dmn","dzjn","dkr","vrw","lmrr","bwn","mctxlp","nrgzwn","dntxz","00367231638418079","mhj","djhwdjt","drwgzh","115","wmwrdkj","wglph","lxzwr","mhjm","jkwn"
"44","wmxjl","dmtb","kmjr","mskn","wmtrsjn","dljl","ddjlj","dkrt","jtjr","rvl","dmttsjmjn","dywrj","tlt","tjn","bjrx","djr","bspr","lhljn","ypth","djhw","cnt","mwr","lhrqljs","lwth","wtvr","nctwzb","djtq","sbt","wnrb","gwzlwh","00011969740496026","wrbnwhj","lbwg","hnwn","116","wpwqdnh","trgrgw","qpdwqj","lzdj","qjs"
"45","wncbtwn","wbnw","lrbwt","ttl","bmdjnt","glwn","dntxzwn","dvhr","kxd","rwxq","bxpjvwt","jsr","bwk","txjt","clm","lwj","jwrb","wlyn","dnsjpk","gbr","prjm","cmj","mtgnb","wcmh","rmlt","wmwlknh","dlmrj","xsj","dglz","jlpw","00015868985654437","drwx","lwh","ljkj","135","bklhjn","dlwvt","snjt","ttrhb","mnkj"
"46","wqdjcwt","wyr","lxwjb","lmskn","dmvjb","dcmcwn","mstrhbjn","dkrshwn","lwth","knwcj","dmstbrjn","lmcbxw","wmjt","pwrcn","mnh","sdr","ktjbjn","zjn","bpsjlt","mcrjt","pwmh","qjm","pjlw","wdb","kwn","dbswkl","dsjm","bgnbrwt","mcvjn","lbwzx","000234423838299646","bmlkwt","rwtjm","dyhjwn","nmwsk","dglj","dtnj","ntrd","wbvjbwt","zln"
"47","dmlbc","wjt","wmkjk","lbrnc","dncbqwn","lnptx","tcbqn","cbqth","zrj","jqrj","xbt","qbl","lmn","dbwy","ncjp","tnj","ksp","wjn","wnsgdwn","zlw","ntwn","bdw","wcnq","lwv","njkwn","pkt","jxjdj","brc","ttxbn","lwmps","000308027675101886","cjn","drwtn","bhjhwn","hwjt","dmlkwth","dcnjt","zbnk","nsjbr","rjn"
"48","mtms","lhj","wmlbc","cjwl","mgdl","lsjsr","tkncn","dnrtwn","lkj","npqwd","jbt","swg","brj","lwx","kwn","wmrjm","mrt","dmrjm","dmthpk","ldb","wbn","clm","dlxnj","djwsp","bkwn","twld","mkjl","dkjt","dxlthjn","mhm","00064792663476874","lhh","mrrj","bjrx","lcmk","mwhj","hwl","rjmnj","sbrh","txwm"
"49","pwqdnj","trjn","dbmwmt","ybjnh","wjmjnh","wylmn","kjj","dnwqr","mjqt","qrjt","mctql","tjhb","xwhj","spth","nhwwn","blxwdj","whpk","qdmjk","dxq","cwr","bxjl","klhjn","dprc","jcm","bqwr","wnsqwnjhj","mwdjnn","mjtjn","262","ntrhbwn","00100401606425703","ljk","ntl","djtb","145","ptgm","mby","bnwkr","trxq","klwn"
"50","sbjwhj","wcm","dljw","vwbwhj","prwn","lmcrjt","qrjr","dtp","dvwbjv","tbjl","dqmy","wjwsp","bjcj","svrh","lkhn","tkwn","qrjt","rjt","trrt","wcm","cjr","jdh","nkncwn","jhwd","wlw","bsjmwtk","nplw","dcn","ddwwd","qbw","00108590733590734","mlkwth","wkrjkjn","dbrt","147","ttjhb","mwldhwn","lmtqvlw","jwrtnhwn","ldrt"
"51","tnjhj","wlm","wmctqljn","nwhr","xtm","rjc","nxrbwn","dtrxm","dhljn","vhjn","dnzj","wklhjn","brh","wsjm","dtwr","tvcjw","wcm","xjd","bkrm","bxjl","clm","mlk","dntkl","xjwt","klwn","wtqrwn","tpnj","wmk","bcbjl","tqbl","00115411931818182","sgj","wlklhjn","gmj","wlyn","ltj","tngdw","mlgm","trj","nplwn"
"52","wvcjh","wlw","dntxbl","zdjqwt","gnt","ljmt","wnhj","jhbth","dmdj","dzr","lmtxdtw","wlpwlxn","dbjt","kjn","lbr","lmzk","dcljmwn","kxd","qlkj","lksndrws","bmdbr","wtr","wbxjrjn","ckx","wtplwx","dlx","wdjtq","mmlk","bgrtwn","wbjkrjs","00229591836734694","cdrk","wmc","lkj","132","dbkl","tnkjw","tksjt","dxn","bdtj"
"53","yrw","hrwn","tstrhb","lzdjq","smk","tpnjw","lmcqjw","jrtwtk","hjdjn","prwq","mljnjhj","wqht","nwhj","wxzwr","hnw","sjmjn","wmlk","vjn","tvpjswn","wcql","mdnx","ljt","wtp","dkd","bdwt","wdqjs","wdrn","slwqws","bhjmnwt","wbtxmyt","0032994923857868","qrn","bcwprh","wnhwwn","cmj","wcvw","twjn","bgr","bhr","dmdnx"
"54","cmjn","mrjn","wdrb","xzjt","rjx","wmvj","wmxsr","mylxjn","lmjn","tkwn","nctqwn","wqmw","wrj","tlt","bmcx","clmnj","dbjc","dzb","vllj","wdrn","mnc","ntt","115","kpn","dnv","qnh","wklb","tvpjs","bjqr","wqv","00369738339021615","clhbjt","gljh","spr","dwhj","rjmh","vlnjt","gwpnjh","dbw","dxz"
"55","dntmn","wtmnj","bmdjntk","pwth","tdj","dtt","wphjwt","tdwjw","vlj","wxlp","ntpxm","wsm","lbjth","lpr","pwq","jmk","ddhb","mtj","lmxjbwth","wnpq","qljn","qdmj","brcjt","sjr","njk","wnsjmjh","wmkjl","zhj","bmnjnhwn","wtwbd","00387828162291169","nqwmwn","lthwn","xzjt","yhjwn","lcnh","wmtxwj","bmnw","jcjt","lmdnx"
"56","dntwb","dnmws","dnwhrk","dxkjm","wnxzwnh","lmbt","bvjn","wnxjlnj","crr","dkwc","srjqjn","xjb","lhk","ptjh","wklh","lnwhr","xzj","jnh","cwc","ybw","wrbn","twb","mkdb","xwkwn","brn","wtrxm","wml","mcrr","cjcq","bkjm","00569176882661997","lylm","ltj","bkj","bklzbn","ttnjxw","bookname","wpwrqnh","nttrj","dqwdcj"
"57","dqrbt","bktb","dzdjqwthwn","dbjc","wrjx","wdrwkth","ngmrwn","xtmh","trjhwn","mnkj","tplg","dcbw","rqw","dshdwt","dmdbx","sljt","ptgm","lmwt","lwyjkwn","ddhb","dkn","wklhwn","pwrchwn","nttk","djwrdnn","xlpjkwn","wnpq","mtdbr","cjp","wprx","0065","dtjmn","mxwl","xjqm","brnc","tpqd","cbl","jldtkwn","ttx","wrk"
"58","nkjn","dbjth","wnpnwn","jdk","brxmt","dndwb","wvnpwt","ddmjtw","hwprk","ljqjm","wnttrjmwn","dttrsjk","rwnh","bwkr","bmck","rjcj","wqm","whc","mtbyr","whpk","blq","wbn","wtkjb","lbjt","mrwn","dmsgjn","xtn","cbjx","cljv","wknct","000118472182731495","lhj","trsj","byhjwn","sbrt","wlbzt","dkkr","qnjnj","hpj","xrb"
"59","rxmtn","ljcb","wrgt","nks","jwnj","drmwn","tcpr","djxjd","klxd","lxzqj","qcjwt","nckxk","lcmw","tklt","lmwc","jtm","bhwhj","nhjr","dlbkj","wxz","jskr","mnhwn","cwtpwt","wbk","rtwn","dqbjr","bjv","lhjt","clvt","dxw","000132009715915091","lkjn","bswg","dgrbj","ylwtj","ktbh","dmskl","wmrdwth","jnthwn","bxrb"
"60","wncnq","nmws","xyw","rwgz","djldtj","tkmnw","dkmjr","nqjmjwhj","lbbjl","ngr","tbz","vnpwt","bjct","myrjn","njn","ntbjn","wxmc","djhwn","lmtq","qdjm","wbjwm","jkn","hnj","lmyrjn","wdxjl","kwljh","bqwlt","msjbt","crwnj","wnjqr","000133962061944057","wlbh","ldb","gdlj","dzdjq","dmctj","gjr","mpwltn","dcdr","bgwkj"
"61","wnpy","tltm","tnqpw","txjt","pwtkj","zbx","dmlqv","qyh","njnw","rwmlj","nsjw","xwsj","ljm","wcq","bsrh","bldd","jwjd","dnmws","wyx","lmdjnt","lhkwn","vwr","pjskwn","prxt","gmwhj","nckxjwhj","dprq","cnd","ctwdjt","bsk","000160714285714286","wmlt","bmvrt","wlklhwn","mrjm","prjcjn","jdt","bnpcn","drx","bhwn"
"62","108","wjhbw","rjkj","rwx","dgzj","zkl","dtwqpj","dgbjh","mcbx","jrj","lqnjh","crbth","mwn","wlbn","mll","cbvh","mwyj","dnwr","bknwctk","bcnt","mlk","mjn","pswqjhj","xtj","ljmt","ncxnwn","dznjwt","dmctndjn","dbjc","dsnw","000237617488647164","wxzjt","mgd","bdj","vwbwhj","bjdt","lmlkwth","lwdjh","dtnjn","dmdjnt"
"63","dmbw","bmlkwt","bklbt","jqjr","cwcnt","ctjw","ldnxtjn","wpy","nbwkdnyr","ntqr","est","ctrj","wqrb","wnhw","pwrsjh","kwkjt","djwrb","wdl","wltj","ljhwd","svr","jdj","qnw","mth","mrtwn","nktjwhj","mdbxjn","hnjjwt","djt","pkjhwn","000269173430511844","cbw","wcbqwhj","jwjqjm","ldbbjk","bptgm","mvjb","wdbbjt","htn","dnj"
"64","qdjcwt","bqwr","dzxl","ybjn","xckw","dml","wmcql","njqr","mwt","bmrb","spwt","cwbqn","ywrj","ddkr","dbx","dtlg","jzr","dyhjwn","xtnj","wknc","lwj","hwt","rjr","rwbjl","zdhrw","nwld","msm","knjkwt","djwrm","qnwmh","00029171528588098","dbjl","wtpl","ljhwn","mtj","htn","pdt","dyrp","mcj","nwr"
"65","tywm","dmlk","xsdwnj","mrdwt","dkrjht","lbnjmjn","cbqwnj","dnqjmjwhj","pqdt","tmljw","wpl","dmcrjt","plctj","kjhwn","dcb","lwhj","jwcj","lhjn","zljlt","cjn","tjmn","twr","trtjhjn","xql","dmrdj","dspjl","nwkrj","lbsr","djyhr","sjbwtk","000415420405450316","lbjl","ktr","lkwt","lcmh","jhwd","qbl","wtnx","pcj","wdm"
"66","wjk","wjw","ljvnjh","xsjr","dsjg","lmtktcw","mqnt","dmb","qdjc","wtcr","wzbwn","dqwrbn","djw","ldr","dxv","mck","wckb","rjn","dnbht","qjm","dmwc","tlt","dhbl","wxmc","wndxlwn","bvljwth","tvnp","mhwnwt","dlmn","wbgnbrwthwn","000442800583454886","dgrbj","wbxdr","cbjt","njnj","jnt","sbrw","lkmc","qwd","nmwt"
"67","wmrc","rvxcct","rkch","jwtrn","lbbtjnj","rqm","qykj","dnyw","svr","tjwb","bmdkj","lyn","ljw","dqwdc","mcrjt","mll","lcljmwn","crr","nctxqwn","wnsb","wcdr","dbjt","sbrh","dcpjr","bwr","wntmhwn","wtbk","mjwtwt","dmdkr","dbml","000514615067929189","bnjn","dqjljqj","wqjh","cbxwhj","lkwlhwn","sjt","xtjth","txcb","pjk"
"68","wnwhrh","dnhwwn","clmwh","swkl","smwnj","tmnjw","wlmhpk","drwgzj","qbr","wncbxwn","lsrjq","ntsjm","qrjt","pvjr","qdjc","ndwn","wqr","djtjr","wrgjn","hwt","wlbn","dwhj","kncjn","tmn","kwl","dlwz","bkm","msjbrnwt","dmr","dzd","000583711028704848","cmk","kchwn","bdr","pwmj","mdjn","wbkl","167","wmdj","xjwt"
"69","4mc","qcj","1chronicles","ttkl","wnrknwn","wcdrw","ctdl","lywhj","wmbrk","zrjpt","rkbk","mlkwn","wnpqw","brd","wnsq","nxz","bqrjt","brwk","msv","lqrb","jwsp","ptgm","lvnjn","wqrt","mkwn","llwz","djqd","ntdbr","dnxwm","wswphwn","00100896860986547","dprzl","ntr","bnwr","jmjnk","ntth","wbmrj","173","wxcb","pwrcn"
"70","dclj","qcjc","1kings","dxl","wkwrkm","wlkpr","wjhl","dtrjyn","lpyx","clj","tmwv","wlmtnqpw","mtk","knwct","wnrws","txmt","gmwhj","hjdjn","wdmrxm","wcr","qbwt","wcm","bxl","zjt","tmn","wbsrn","mnhrjn","nyjx","dpqdn","wxdjrjn","00108009305417082","lmqm","wxdw","bqwr","pynj","qjs","wklmdm","nqptj","wxmwl","mmrmrn"
"71","dxjwt","rbj","1samuel","wgbr","nmjqwn","wqrw","vrpw","wrxtkwn","hjd","dpwmh","ttptx","bhjkwn","dbnjmjn","ldbjt","xql","wmnjn","nbv","klhjn","171","wpqd","dcm","jljn","ddbxj","xwk","wntl","dprjs","tmh","wbhjn","dqdq","cbwqw","00156929019797199","przl","dlmmllw","ctxrw","glj","tlw","wlc","hrjh","wxzth","lgrbj"
"72","nnt","rjn","2chronicles","wrx","jbtj","wqvl","hjmntwn","xvhjhwn","prywp","dwjd","wqy","ksj","dmlk","dpj","dnqrwb","wnpc","jsr","nwr","bhrnwt","lmlk","qdmjkwn","mvwl","bzdjqwth","lgnsh","blbk","wglw","twrj","xljy","dqrb","cmn","00265017667844523","wdr","wlbzt","nrj","xjltn","txcb","wlkl","dnbvl","bdbr","mdbrn"
"73","dlxwj","wct","2kings","dvb","dcljmwn","djtbjn","mvwpjth","msbrt","rtxcct","ncqlwn","swth","tjkwn","lklh","dxwsj","wnsx","xwhwn","lhh","wnhw","ddnjx","mqbj","twr","wljt","dbvnt","lhh","brjn","jtkwn","wmhjmn","zhjt","dtrjn","ctlt","00271565495207668","nnj","nplxwn","ntnj","cbx","wmc","xkmt","bbjth","bmlk","ywr"
"74","nttnjxwn","wlkpr","2maccabees","jqrh","dksp","dqjcwn","tsrdjwhj","npsq","dkh","nxwr","pdw","wldbjt","wmx","dmyrj","bjwm","bms","lmrj","xzw","xptn","bkl","bmnjn","mrt","ltmnj","mrn","dpqdk","tbrkj","wmtxcb","mtqrj","dwmj","ybjtwn","00307765151515152","wmlkwt","nprwq","bcmj","prwq","wmdjn","djhbt","bclmh","nqwm","zjt"
"75","rjmth","xnn","2samuel","dlb","dqwr","mdbxh","xcwljk","dlmw","dmwc","ptkr","pwjg","xjj","wnsb","jdk","knwct","bsrh","wjhb","ldb","192","lwqbl","drwbjl","mrjn","wbsjmwt","qrjt","lbk","wcljn","wqblw","qdmjkwn","dxmjcj","lmctq","00394045534150613","wmjc","yhj","bjc","108","wtj","dmlkwhj","bhd","rkb","dbbl"
"76","wbcwlmh","xwhj","3esdras","dbrnc","jhbw","skwt","dtjb","ltmntsrx","dpr","sjr","trdwp","kck","wnxt","jkwn","dvm","gmj","wmjt","tjdjn","299","ljwntn","vwr","wklh","wksjtj","tjld","pwm","lbwjn","mrxwt","sjm","gbdw","lmzdhrw","0078125","dmlt","lqvl","crk","nbhtwn","wxwcbn","jhbt","bjcj","wlmwbdw","tkj"
"77","wntdlx","dmcmcjn","3maccabees","jwlpn","jwm","wxdt","cjqwt","msjt","lmbn","xcjb","wmxwtk","rgc","kjc","wdb","swt","mhpk","wzj","hjn","315","knc","xmcjn","lklhwn","wrwjx","wtwr","tqjpt","xjhjn","wlptkr","swhj","gdlj","lxmk","00947653429602888","xkj","bdtj","sjr","148","bjhwn","vll","blhg","wnm","xtkj"
"78","zjtwn","mtnj","4esdras","dmwt","lbjt","jjpjn","vrvql","ntwb","lmqrbw","xcwk","dgdckwn","djmt","bnjmjn","xmcjn","tgl","wqmt","dnxc","cwlm","394","vrjpwn","dpjl","cmh","ntvrpwn","xlm","wnclm","rmjtnj","hjkwn","vlj","grcwn","vln","000130235465722025","dlbjc","msr","wlyn","cwbx","djhw","wlmcmcw","blhn","xwt","bjnthwn"
"79","dbprxt","wbnj","4maccabees","qdmwhj","pqt","xjlk","yjrth","pwn","njt","xdwt","wlyhjwn","djlpt","dgl","dnskt","kwl","wtxjt","hjdjn","bjc","wndjykj","jhwn","wyprj","lwtj","mlkjhwn","prwn","mpqd","qrbwt","jllw","wnx","jdthwn","rjw","0001391827190736","lxrt","msjs","dxc","djnj","ljmt","wqjm","bml","bclhbjt","ddbr"
"80","txdjn","wmn","amos","wzbn","xblt","wprqw","kwsj","rwh","brtj","dmhwn","crrh","gwnh","bjtr","pwlwhj","hlkt","wxj","wslq","dxz","bcmj","wnplw","bhj","wrclm","nqrjnj","djl","mskn","mttn","mxz","dhkn","jtr","xywhj","000190027363940407","djc","wcw","wbkpn","111","lmlkt","bbn","bnjtwn","bdrwn","jdj"
"81","vpj","wxmcjn","apocalypse","bswg","xmr","bmypj","wbmwth","wmrmrnk","zdjqwt","gzr","drdjtwn","mtbj","rjch","wxmc","trb","cljw","bcmrjn","mjr","bdjn","xwhj","bpwm","nwhj","jwtj","dsdwm","twt","dnmlwn","slqw","hjkl","jwtm","bvntj","000233184785988185","bjl","kbjhwn","lmlk","nwdwn","mbdr","bprhsj","bpc","bknwct","wnhw"
"82","wnck","cbjt","bel","cljv","xsr","dbklzbn","xrjnh","xctwn","zwrbbjl","btcbwxt","tmyjn","wttrhbwn","bnj","xwk","jqd","dbllj","dbrjmjn","wyr","bmc","mrd","dqwdc","lwth","ttrbwn","bwh","wtsb","wktjc","wzlw","npcn","klw","dncmt","000237592397043295","hwjt","ltwqlt","pwmh","rnjt","wlmqvl","bzjn","brwx","dbjqjn","qnj"
"83","djwn","wkwmr","daniel","dlm","btrkj","dtbwr","qvpt","djrwr","djwnn","cwlvnh","ttnjxwn","dbmrj","dmjt","dtklt","dmtpnjn","tkljw","nbjh","bdn","bmdm","qjmw","dxrb","qwr","wgnbrwtk","rpq","wtdmr","qrnn","brwnj","lyjn","krml","ndxqjwhj","000238988160894183","lmwd","wthwjn","djhbt","nxdwn","wswsj","cdw","bxdwt","dnwkr","tbr"
"84","wlmcrw","cbj","dragon","dmlk","dcn","wltx","dbzdqh","xvhjn","dnjnw","rwm","wmtbjnjnn","ddnx","mjt","lsvr","lmxwt","bmcknh","bdk","dhljn","btwld","whw","whljn","dbn","wltwbjl","dmll","dnwbdk","wznjw","crjw","wmstrhb","lhhwn","nnwmwn","00025052889433248","mcbxjn","bxy","kwrsjh","prwqjnj","crbth","cnjh","cmwv","dwkrnhwn","dgrbj"
"85","dnsjtwn","dhnwn","ecclesiastes","jljn","lgnt","dkwmr","wdkwdnj","wxjjn","language","wjr","wttqdcwn","ntk","twb","wns","nxll","bxcwk","bmlkwt","jwt","cjn","wrb","blxwd","bdt","bbzx","lqbwt","lknwcth","bcwxlp","dzwg","cwbx","lhwn","qrhwn","000285641741779865","qjmt","mttb","djkwn","rxm","lbzt","cxqt","ctrr","jwdj","bjt"
"86","lmpr","mcm","exodus","wrwx","lmwtbk","ljmh","bbwms","wlbnjk","lwhj","tmljt","wtdnx","bcxq","bxbrwn","lmyr","cnt","mrtwn","cnj","kwlhwn","cjvt","spr","qwrbnh","cjn","dttwb","wcq","bcmj","dbrjh","mlp","dbc","ljbjc","tdhnt","000375","trjn","rmlwth","nplwn","vjbwth","rvn","dmtxz","dcl","mmlk","brjt"
"87","wnbrkkwn","nhr","ezekiel","xthwn","npcj","wcqlh","bjnthwn","mzmrjn","trjn","drmjn","dwnjhj","dcrwt","jtb","dmcjxwt","dmh","nxtjn","hnwn","mnk","clwm","dmn","wlklh","lbjt","qdctk","bsr","bnxl","mtry","mxrb","lmd","ljhwjd","wttklljn","000395858708891596","wdj","mtvrp","bcnt","wtj","dnp","dmvmyjw","ddjtq","nws","whnwn"
"88","wnrdpwnk","qjmw","ezra","dxkmt","skln","xwn","bkwr","sjpt","wdw","nxzwn","wdmrkn","plgwhj","lqrb","cjhwn","wtrb","rvl","rxb","wmnhwn","crvj","mrjn","pwlxn","lhn","ttvnp","dcmj","bzbn","nbwrwn","qrwhj","lmstr","lmwdjw","wywtj","000448564593301435","wlc","wbxkmth","qwb","bpwq","dnwcvwn","dxjlh","dhb","rvn","gpj"
"89","mvb","wrj","genesis","wrxh","wpwq","ljrtwth","bnwh","dctjljn","wklhwn","wqdjc","149","tsbwnh","whww","dmcknzbn","tkwn","twrh","dbjth","qdjc","dbjth","wqr","grbj","dlm","tmjmwtj","vnt","dmll","rglwhj","mgzj","xwc","lmxblwth","ttw","000461385576377058","wmnh","wcnhwn","tcm","bswg","gnt","dxzjn","djtb","wrmrm","jln"
"90","wbtwr","bjrx","habakkuk","dnk","xtj","mrqd","bqwr","kwp","hjkl","dtbjl","157","wmwbdjn","wxzw","jtjw","pwrcn","yrjr","mnc","xrjt","dbmnjn","bhw","jqd","lbn","wmcknw","srj","dmtnjn","wmkjkwt","drbwth","dnpch","lmxcb","dnjnw","000472315070483941","xnnj","dmlltwn","bdrt","pwrqn","lbch","dybjn","djwrdnn","wvm","ljkwn"
"91","swthwn","ctm","hosea","mbw","clmwt","lrqm","brkj","lzbt","lhjklh","tbt","161","wqvj","zgd","wmwc","ldr","ntpr","mwn","sbr","dbrh","lcm","jkn","ljk","ddbwr","wpq","hwjtwn","bbjtj","jqrhwn","tlbbw","lqc","wzbjt","000516742455560149","kwhj","yhl","bqlh","ttrjm","dptgm","jyp","dktjb","ybt","dxdjr"
"92","wbpwq","dkr","isaiah","qwct","dmj","dbzq","bxkjmwt","ngmrwnh","ltrcjc","wdjc","byjtnj","122","lgb","wnp","jdh","dpwrqnh","qwr","dmdm","dbrtw","xdw","mpq","mlt","dstr","qjmj","lhljn","bcwlvnhwn","nqjmn","blcn","ltljtj","wxvpw","000525087514585764","mrk","wjhwdjt","btn","144","wmd","lhd","dmhlk","bpw","pwr"
"93","dvwcw","dktjb","job","btrh","dnx","wpdt","ckb","npxznj","vwb","bwdh","dhnt","bhjmnwth","bdt","wmdbx","wqrb","nmll","slq","dxkmt","ddxl","rxmwt","mwr","mrw","xwlp","brt","tbjn","bdh","xcb","dmkjl","ltw","gjw","000646380270485282","nqwm","lmsbh","ncm","dbx","swsj","lmbyr","dmwcj","dcrj","mkj"
"94","gdjkj","dlw","joel","lkl","wcbxh","skt","ckxw","nwpwn","dswrj","dclhbjt","dmgdp","dmtjhbw","btr","mnrt","mtqvlw","wbdrw","whlk","bdwn","dgdp","dnhwwn","mcrjt","mnw","wdjtbt","tjldw","wthw","bdj","ybjnhwn","mlp","ltxwm","lmkb","000770653514180025","wbjn","dbmc","tbr","dlbj","dcrr","lplx","dnbl","wcwxw","bptkr"
"95","nlxkwn","tjn","jonah","mlt","wlmc","dkwcn","clj","pnjhwn","jtjhwn","rjtk","sir","gzrh","dmk","dsjnj","dbn","xwsn","wtr","bjn","dhjdjn","kwlhwn","bmcx","ljh","wnpqnj","ctj","xwhj","bjndb","wnpr","rgth","lxbrwn","wnwqjh","000845266507557677","nqjm","drmj","grbj","jnj","lklnc","mks","dnj","ctdjw","wstd"
"96","tjll","whnwn","joshua","nsb","wvjbw","wnsjk","cpjr","qdnjh","lmdj","yhj","tmvjk","pyjt","hnwn","blbh","dnj","nttj","xth","mlt","dhnwn","grt","pwrcn","npc","lmstkrw","gzr","bxwrjb","bnwr","ttryw","wkbr","mjhjn","dntns","000847288676236045","wdy","lmttb","jkj","tbjl","lkwc","mqvljn","dpqdn","nbl","cwd"
"97","tpyxw","wxnn","judges","nxd","xzjr","dnptx","crjr","tstwd","mctwt","lmyr","wcwzbnj","skljn","wnpq","cdr","jhwn","ljmwth","dwnj","mnjn","djhwdj","njqnwr","mnjnhwn","thw","wnwqjkwn","lbrj","djwmn","brk","dbxwb","jtjk","mtjhb","ttdjnwn","00092630712227254","dcljv","lmvm","cpn","wdw","jnjk","mttzj","dwkt","prsj","djnt"
"98","wrnjn","dprs","judith","wjd","dklhjn","qjnj","ctbj","twxl","nrxm","dlwxj","bxwlmn","zdjqjn","xjmlk","ptwr","jdwhj","tkcp","qdmjk","zdjq","dmjt","xsn","wtltjn","qdmjk","dprwqhwn","bjth","jdjk","brw","dlcnhwn","mtkcp","nctkx","dnlwvwn","00149164677804296","wcwlvnh","msqt","nbwzrdn","kwlt","twj","mwth","dxnn","tdkjw","dtjmn"
"99","wtklj","kwrc","leviticus","clj","dmtnjxjn","tkbcw","cwx","183","whjkl","bcmk","dmtqrbt","wnydjwhj","xjn","xmwhj","wqdjc","wrwxt","qdmwhj","grt","dmlkwt","bjc","brnwn","brt","157","ckjm","pst","bswkl","dmtktbjn","qvjr","njn","jqdjn","00156853281853282","zmr","qjvwn","nwq","mwt","wcp","qblw","dxzqj","wpnjh","mdjn"
"100","tjbwt","ctjtj","malachi","ljvn","wkmnw","wrjb","dbh","bdrmswq","vjbw","lqdjc","dpkj","wnz","cbcwl","mxr","bwk","dswklh","kkr","rwx","dmll","dmdjnt","lmdjnt","dljt","163","dlj","wthlk","bxbrwn","dtgdc","wtxz","nvwptj","ryw","00174969123095924","dcdrk","qvjlt","jlm","ldbbwhj","lplgh","rxmh","glwhj","xwn","npwq"
