	ܩܫܝܫ	http://syriaca.org/person/2032
The 72 Disciples	[Syriac Not Available]	http://syriaca.org/person/1688
Aaron	ܐܗܪܘܢ	http://syriaca.org/person/1534
Aaron	ܐܗܪܘܢ	http://syriaca.org/person/1533
Aaron of Alexandria	ܐܪܘܢ	http://syriaca.org/person/1773
Aaron of Serugh	ܐܗܪܘܢ	http://syriaca.org/person/1092
Aaron the Solitary	[Syriac Not Available]	http://syriaca.org/person/1535
Abai	[Syriac Not Available]	http://syriaca.org/person/1093
Aba I, catholicos	ܐܒܐ ܩܕܡܝܐ	http://syriaca.org/person/306
Abai of Hah	[Syriac Not Available]	http://syriaca.org/person/1095
Aba of Nineveh	ܐܒܐ	http://syriaca.org/person/1094
ʿAbda	ܥܒܕܐ	http://syriaca.org/person/1099
ʿAbda	[Syriac Not Available]	http://syriaca.org/person/1096
ʿAbda	ܥܒܕܐ	http://syriaca.org/person/1097
ʿAbdachisia	[Syriac Not Available]	http://syriaca.org/person/1101
ʿAbdalʿaleq	ܥܒܕܐܠܥܠܩ	http://syriaca.org/person/1530
Abdat al-Ahad	[Syriac Not Available]	http://syriaca.org/person/1537
ʿAbdelmasih	ܥܒܕܐܠܡܣܝܚ	http://syriaca.org/person/1102
ʿAbdishoʿ	[Syriac Not Available]	http://syriaca.org/person/1144
ʿAbdishoʿ	ܥܒܕܝܫܘܥ	http://syriaca.org/person/1100
ʿAbdishoʿ	[Syriac Not Available]	http://syriaca.org/person/1143
ʿAbdishoʿ	[Syriac Not Available]	http://syriaca.org/person/3008
ʿAbdishoʿ	ܥܒܕܝܫܘܥ	http://syriaca.org/person/1538
ʿAbdishoʿ of Dasen	ܥܒܕܝܫܘܥ ܕܣܢܝܐ	http://syriaca.org/person/1539
ʿAbdon	[Syriac Not Available]	http://syriaca.org/person/1103
Abel	ܗܒܝܠ	http://syriaca.org/person/1540
Abel	[Syriac Not Available]	http://syriaca.org/person/1104
Abel of Adiabene	ܗܒܝܠ	http://syriaca.org/person/1541
AbgarVUkkamathe Black	ܐܒܓܪ	http://syriaca.org/person/2823
Abhai	ܐܒܚܝ	http://syriaca.org/person/1105
Abi	ܐܒܝ	http://syriaca.org/person/1536
Abi	[Syriac Not Available]	http://syriaca.org/person/1542
Abimelech	[Syriac Not Available]	http://syriaca.org/person/1106
Aboursam	ܐܒܘܪܣܡ	http://syriaca.org/person/1544
ʿAboushta of Adiabene	ܥܒܘܫܛܐ	http://syriaca.org/person/1545
Abraham	ܐܒܪܗܡ	http://syriaca.org/person/1546
Abraham	ܐܒܪܗܡ	http://syriaca.org/person/1548
Abraham	ܐܒܪܗܡ	http://syriaca.org/person/1110
Abraham	[Syriac Not Available]	http://syriaca.org/person/1107
Abraham	ܐܒܪܗܡ	http://syriaca.org/person/1547
Abraham, bishop of Arbela	ܐܒܪܗܡ	http://syriaca.org/person/1108
Abraham II of Adiabene	ܐܒܪܗܡ	http://syriaca.org/person/1552
Abraham of Adiabene	ܐܒܪܗܡ	http://syriaca.org/person/1551
Abraham of Beth Sayyare	[Syriac Not Available]	http://syriaca.org/person/1111
Abraham of Harran	ܐܒܪܗܡ	http://syriaca.org/person/1549
Abraham of Kashkar	ܐܒܪܗܡ ܟܫܟܪܝܐ	http://syriaca.org/person/320
Abrahamof Naphtar	ܐܒܪܗܡ ܢܬܦܪܝܐ	http://syriaca.org/person/321
Abraham of Nisibis	ܐܒܪܗܡ ܕܢܨܝܒܝܢ	http://syriaca.org/person/1550
Abraham of the High Mountain	ܐܒܪܗܡ	http://syriaca.org/person/1109
Abraham Qidounaya	ܐܒܪܗܡ ܩܝܕܘܢܝܐ	http://syriaca.org/person/1113
Abraham the Egyptian	ܐܒܪܗܡ	http://syriaca.org/person/1553
Abraham the Priest	ܐܒܪܗܡ	http://syriaca.org/person/1554
Abraham the Recluse	ܐܒܪܗܡ ܚܒܝܫܐ	http://syriaca.org/person/1555
Abraham the Scribe	[Syriac Not Available]	http://syriaca.org/person/1112
Abshelama	[Syriac Not Available]	http://syriaca.org/person/1114
Acacius	ܐܩܩܝܣ	http://syriaca.org/person/1556
Acacius of Aleppo	ܐܩܩ	http://syriaca.org/person/1557
Acmonicos	ܐܩܡܘܢܝܩܘܣ	http://syriaca.org/person/1559
Acyndinus	[Syriac Not Available]	http://syriaca.org/person/1115
Adam	ܐܕܡ	http://syriaca.org/person/1560
Addai	ܐܕܝ	http://syriaca.org/person/1118
Addai	ܐܕܝ	http://syriaca.org/person/1117
Addai the Chorepiscos	ܐܕܝ ܟܘܪܐܦܝܣܩܦܐ	http://syriaca.org/person/1116
Adorhormizd (Dadishoʿ)	ܐܕܘܪܗܘܪܡܝܙܕ	http://syriaca.org/person/1119
Adorparwa	ܐܕܘܪܦܪܘܐ	http://syriaca.org/person/1120
Agape	ܐܓܐܦܝ	http://syriaca.org/person/1563
Agapios	ܐܓܦܝܘܣ	http://syriaca.org/person/1565
Agapios	ܐܓܦܝܣ	http://syriaca.org/person/1564
Agathopous	ܐܓܬܦܘܣ	http://syriaca.org/person/1566
Aggai, bishop of Edessa	[Syriac Not Available]	http://syriaca.org/person/1121
Agnes	ܗܓܢܐ	http://syriaca.org/person/1567
Agrippa	[Syriac Not Available]	http://syriaca.org/person/1568
Aha	ܐܚܐ	http://syriaca.org/person/1122
Ahai	[Syriac Not Available]	http://syriaca.org/person/1572
Aha of Adiabene	ܐܚܐ ܕܐܒܘܗܝ	http://syriaca.org/person/1569
Aha the Egyptian	ܐܚܐ	http://syriaca.org/person/1123
Aha the Solitary	[Syriac Not Available]	http://syriaca.org/person/1124
Ahudemmeh	[Syriac Not Available]	http://syriaca.org/person/1570
Aitalaha	[Syriac Not Available]	http://syriaca.org/person/1293
Aitalaha	[Syriac Not Available]	http://syriaca.org/person/1292
Aitalaha	ܐܝܬܐܠܗܐ	http://syriaca.org/person/326
Aitalaha, the deacon	ܐܝܬܐܠܗܐ	http://syriaca.org/person/1291
Alexander	ܐܠܟܣܢܕܪܘܣ	http://syriaca.org/person/1574
Alexandra	ܐܠܟܣܢܕܪܐ	http://syriaca.org/person/1573
Alexandra, queen	ܐܠܟܣܢܕܪܐ ܡܠܟܬܐ	http://syriaca.org/person/1850
Alexiusthe Man of God	ܓܒܪܐ ܕܐܠܗܐ	http://syriaca.org/person/607
All saints	[Syriac Not Available]	http://syriaca.org/person/2058
All the just	[Syriac Not Available]	http://syriaca.org/person/2168
Alosis	ܐܠܘܣܣ	http://syriaca.org/person/1571
Alphaeus	[Syriac Not Available]	http://syriaca.org/person/1125
Amai	[Syriac Not Available]	http://syriaca.org/person/1126
Amantalida	ܐܡܢܛܠܝܕܐ	http://syriaca.org/person/1576
ʿAmmi of Hah	[Syriac Not Available]	http://syriaca.org/person/1127
Ammonios	ܐܡܘܢܝܣ	http://syriaca.org/person/1577
Ammonios	ܐܡܘܢܝܣ	http://syriaca.org/person/1578
Amoun	ܐܡܘܢ	http://syriaca.org/person/1579
Amoun	ܐܡܘܢ	http://syriaca.org/person/1580
Anahid	ܐܢܗܝܕ	http://syriaca.org/person/1129
Ananias	ܚܢܢܝܐ	http://syriaca.org/person/1582
Ananias	[Syriac Not Available]	http://syriaca.org/person/1583
Ananias	ܚܢܢܝܐ	http://syriaca.org/person/1581
Ananias of Arbela	ܚܢܢܝܐ	http://syriaca.org/person/1262
Anastasia	[Syriac Not Available]	http://syriaca.org/person/1584
Anastasius the Persian	[Syriac Not Available]	http://syriaca.org/person/1130
Andrew	ܐܢܕܪܝܣ	http://syriaca.org/person/1586
Andrew	[Syriac Not Available]	http://syriaca.org/person/1585
Andromedes of Jerusalem	ܐܢܕܪܘܡܝܕܐ	http://syriaca.org/person/1587
Andronicus	ܐܢܕܪܘܢܝܩܘܣ	http://syriaca.org/person/1589
Andronicus	ܐܢܕܪܘܢܝܩܘܣ	http://syriaca.org/person/1588
Anempodistus	[Syriac Not Available]	http://syriaca.org/person/1131
Anna	ܚܢܐ	http://syriaca.org/person/1590
Anonymi 1532	ܕܝܪ̈ܝܐ ܕܒܢܛܝܪܐ	http://syriaca.org/person/1532
Anonymi 1652	ܐܚܐ ܬܪܝܢ ܥܠܝܡܐ	http://syriaca.org/person/1652
Anonymi 1677	[Syriac Not Available]	http://syriaca.org/person/1677
Anonymi 1742	[Syriac Not Available]	http://syriaca.org/person/1742
Anonymi 1743	ܐܚܐ ܕܒܟܣܘܢܪܟܘܣ	http://syriaca.org/person/1743
Anonymi 1745	ܬܪ̈ܝܢ ܐܚ̈ܐ ܕܒܕܝܪܐ ܕܒܝܬ ܦܪ̈ܣܝܐ	http://syriaca.org/person/1745
Anonymi 1892	[Syriac Not Available]	http://syriaca.org/person/1892
Anonymi 1896	ܣܗ̈ܕܐ ܕܐܪܥܐ ܕܡܕܢܚܐ	http://syriaca.org/person/1896
Anonymi 1897	ܣܗ̈ܕܐ ܕܟܪܟܐ ܕܒܝܬ ܣܠܘܟ	http://syriaca.org/person/1897
Anonymi 1903	ܣܗ̈ܕܐ ܕܒܝܬ ܗܘ̈ܙܝܐ	http://syriaca.org/person/1903
Anonymi 1907	ܣܗ̈ܕܐ ܚܡܝܪ̈ܝܐ	http://syriaca.org/person/1907
Anonymi 1935	ܕܝܪ̈ܝܐ ܕܒܢܛܝܪܐ	http://syriaca.org/person/1935
Anonymi 1995	ܬܪܝܢ ܐܒ̈ܗܬܐ ܕܫܠܝ̈ܚܝܢ ܗܘܘ	http://syriaca.org/person/1995
Anonymi 2141	ܒܬܘܠܬܐ ܘܡܓܝܣܛܪܝܢܘܣ	http://syriaca.org/person/2141
Anonymi 3139	[Syriac Not Available]	http://syriaca.org/person/3139
Anonymous 1678	ܡܫܡܫܢܐ ܚܕ	http://syriaca.org/person/1678
Anonymous 1732	ܐܦܣܩܘܦܐ ܕܢܦܠ ܘܩܡ	http://syriaca.org/person/1732
Anonymous 1741	ܐܚܐ ܚܕ ܫܒܒܗ ܦܘܡܢ	http://syriaca.org/person/1741
Anonymous 1775	[Syriac Not Available]	http://syriaca.org/person/1775
Anonymous 1776	[Syriac Not Available]	http://syriaca.org/person/1776
Anonymous 1777	[Syriac Not Available]	http://syriaca.org/person/1777
Anonymous 1777	[Syriac Not Available]	http://syriaca.org/person/1777
Anonymous 1778	[Syriac Not Available]	http://syriaca.org/person/1778
Anonymous 1827	[Syriac Not Available]	http://syriaca.org/person/1827
Anonymous 1828	[Syriac Not Available]	http://syriaca.org/person/1828
Anonymous 1828	[Syriac Not Available]	http://syriaca.org/person/1828
Anonymous 1874	[Syriac Not Available]	http://syriaca.org/person/1874
Anonymous 1924	[Syriac Not Available]	http://syriaca.org/person/1924
Anonymous 1926	[Syriac Not Available]	http://syriaca.org/person/1926
Anonymous 1927	[Syriac Not Available]	http://syriaca.org/person/1927
Anonymous 1928	[Syriac Not Available]	http://syriaca.org/person/1928
Anonymous 1929	[Syriac Not Available]	http://syriaca.org/person/1929
Anonymous 1930	[Syriac Not Available]	http://syriaca.org/person/1930
Anonymous 1931	[Syriac Not Available]	http://syriaca.org/person/1931
Anonymous 1932	[Syriac Not Available]	http://syriaca.org/person/1932
Anonymous 1988	ܡܣܟܢܐ	http://syriaca.org/person/1988
Anonymous 2055	ܐܢܫ ܐܚܪܝܢܐ ܩܕܝܫܐ	http://syriaca.org/person/2055
Anonymous 2088	ܝܚܝܕܝܐ	http://syriaca.org/person/2088
Anonymous 2134	ܐܪܡܠܬܐ ܕܐܘܪܫܠܡ	http://syriaca.org/person/2134
Anonymous 2137	ܐܢܫ ܡܢ ܣܒܐ	http://syriaca.org/person/2137
Anonymous 2138	ܣܒܐ ܚܕ ܕܒܐܣܩܝܛܝ	http://syriaca.org/person/2138
Anonymous 2139	ܣܒܐ ܚܕ ܕܫܠܝܚܐ	http://syriaca.org/person/2139
Anonymous 2140	ܒܬܘܠܬܐ ܚܕܐ	http://syriaca.org/person/2140
Anonymous 2143	ܒܬܘܠܬܐ ܚܕܐ	http://syriaca.org/person/2143
Anonymous 2144	ܒܬܘܠܬܐ ܚܕܐ	http://syriaca.org/person/2144
Anonymous 2145	ܒܬܘܠܐ	http://syriaca.org/person/2145
Anonymous 2146	ܒܬܘܠܬܐ ܕܩܣܪܝܐ ܒܦܠܣܛܝܢܐ	http://syriaca.org/person/2146
Anonymous 2150	[Syriac Not Available]	http://syriaca.org/person/2150
Anonymous 3142	ܐܢܬܬܗ ܕܗܪܘܢܝܘܢ	http://syriaca.org/person/3142
Anonymous 3152	ܐܓܦܛܝܐ ܚܕ	http://syriaca.org/person/3152
Anonymous Martyr	[Syriac Not Available]	http://syriaca.org/person/1888
Anonymous Saint	[Syriac Not Available]	http://syriaca.org/person/2052
Anthia	ܐܢܬܝܐ	http://syriaca.org/person/1591
Anthimus	ܐܢܬܝܡܣ	http://syriaca.org/person/1592
Anthony the General	ܐܢܛܘܢܝܢܘܣ ܐܣܛܪܛܠܛܝܣ	http://syriaca.org/person/1596
Anthony the Qurayshite	[Syriac Not Available]	http://syriaca.org/person/1132
Antigone	ܐܢܛܝܓܘܢܘܣ	http://syriaca.org/person/1593
Antoninus	ܐܢܛܘܢܝܢܘܣ	http://syriaca.org/person/1595
Apalin	ܐܦܠܝܢ	http://syriaca.org/person/1597
Aphnimaran	ܐܦܝܡܪܢ	http://syriaca.org/person/883
Aphrahat	ܐܦܪܗܛ	http://syriaca.org/person/10
Aphtonius	[Syriac Not Available]	http://syriaca.org/person/1133
Apollo	ܐܦܘܠܘ	http://syriaca.org/person/1598
Apollo	ܐܦܠܘ	http://syriaca.org/person/1599
Apollo	ܐܦܠܘܢ	http://syriaca.org/person/1600
Apollonios	ܐܦܘܠܘܢܝܣ	http://syriaca.org/person/1602
Apollonios	ܐܦܠܘܢܝܘܣ	http://syriaca.org/person/1603
Apollonius	[Syriac Not Available]	http://syriaca.org/person/1134
Apollo the Younger	ܐܦܠܘ	http://syriaca.org/person/1601
Apostles	ܫܠܝ̈ܚܐ	http://syriaca.org/person/1606
Apostles	[Syriac Not Available]	http://syriaca.org/person/1605
Apostles (72)	[Syriac Not Available]	http://syriaca.org/person/1608
Apphianus	ܐܦܝܢܘܣ	http://syriaca.org/person/1609
ʿAqebshma	[Syriac Not Available]	http://syriaca.org/person/1135
Aquilina	[Syriac Not Available]	http://syriaca.org/person/1136
Arcadius	ܐܪܩܕܝ	http://syriaca.org/person/1610
Archelaus	[Syriac Not Available]	http://syriaca.org/person/1137
Archelides	ܐܪܟܠܐܕܝܘܣ	http://syriaca.org/person/1611
a religious woman	[Syriac Not Available]	http://syriaca.org/person/2037
Ares	ܐܪܣ	http://syriaca.org/person/1612
Arethas	[Syriac Not Available]	http://syriaca.org/person/3016
Arrian	ܐܪܝܢܘܣ	http://syriaca.org/person/1613
Arsenius, king of Egypt	ܐܪܣܢܝܣ	http://syriaca.org/person/1614
a saint	[Syriac Not Available]	http://syriaca.org/person/2133
Aseneth	ܐܣܝܬ	http://syriaca.org/person/1615
Asia	ܐܣܝܐ	http://syriaca.org/person/1616
Athanasia	ܐܬܢܣܝܐ	http://syriaca.org/person/1618
Athanasius	[Syriac Not Available]	http://syriaca.org/person/1138
Athanasius, bishop of Alexandria	ܐܬܢܣܝܣ ܕܐܠܟܣܢܕܪܝܐ	http://syriaca.org/person/354
Qenneshrin	[Syriac Not Available]	http://syriaca.org/person/1140
Athanasius Sandalaya	[Syriac Not Available]	http://syriaca.org/person/1141
AthqenRabban	ܐܬܩܢ	http://syriaca.org/person/1142
Aurelius	ܐܘܪܠܝܣ	http://syriaca.org/person/1619
Awgin	ܡܪܝ ܐܘܓܝܢ	http://syriaca.org/person/356
Awida	[Syriac Not Available]	http://syriaca.org/person/1146
Azad	ܐܙܕ	http://syriaca.org/person/1620
Azad	[Syriac Not Available]	http://syriaca.org/person/1147
Azad	ܐܙܕ	http://syriaca.org/person/1148
ʿAzazaʾel	ܥܙܙܐܝܠ	http://syriaca.org/person/1150
Aziza	[Syriac Not Available]	http://syriaca.org/person/1149
ʿAziza	ܥܙܝܙܐ	http://syriaca.org/person/1531
Babai	[Syriac Not Available]	http://syriaca.org/person/1151
Babai of Nisibis	ܒܒܝ ܒܪ ܢܨ̈ܝܒܢܝܐ	http://syriaca.org/person/360
Babaithe Great	ܒܒܝ ܪܒܐ	http://syriaca.org/person/359
Baboi	ܒܒܘܝ	http://syriaca.org/person/1621
Babylas	ܒܒܘܠܐ	http://syriaca.org/person/1152
Bacchus	ܒܟܘܣ	http://syriaca.org/person/1153
Badai the Priest	ܒܕܝ	http://syriaca.org/person/1154
Badma	ܒܕܡܐ	http://syriaca.org/person/1155
Barbara	[Syriac Not Available]	http://syriaca.org/person/1156
Barbara	ܒܪܒܪܐ	http://syriaca.org/person/1624
Barbaʿshmin	ܒܪܒܥܫܡܝܢ	http://syriaca.org/person/1157
Barbʿashmin	[Syriac Not Available]	http://syriaca.org/person/1158
Barhadbshabba	ܒܪܚܕܒܫܒܐ	http://syriaca.org/person/1159
Barhadbshabba	ܒܪܚܕܒܫܒܐ	http://syriaca.org/person/1625
Barhadbshabba of Qartmin	[Syriac Not Available]	http://syriaca.org/person/1160
Barlaha	ܒܪܠܗܐ	http://syriaca.org/person/2240
Barlaha	ܒܪܠܗܐ	http://syriaca.org/person/1626
Barsai	[Syriac Not Available]	http://syriaca.org/person/1161
Barsamya	ܒܪܣܡܝܐ	http://syriaca.org/person/1162
Barsauma	ܒܪܨܘܡܐ	http://syriaca.org/person/370
Barsauma	ܒܪܨܘܡܐ	http://syriaca.org/person/1627
Barsauma of Hashrai	[Syriac Not Available]	http://syriaca.org/person/1164
Bar Shebya	ܒܪܫܒܝܐ	http://syriaca.org/person/1166
Bar Shebya	[Syriac Not Available]	http://syriaca.org/person/1165
Baruch	ܒܪܘܟ	http://syriaca.org/person/1628
bar ʿIdtaRabban	ܪܒܢ ܒܪ ܥܕܬܐ	http://syriaca.org/person/366
Basil	ܒܣܝܠܝܘܣ	http://syriaca.org/person/1629
Basil of Caesarea	ܒܣܝܠܠܝܘܣ ܕܩܣܪܝܐ	http://syriaca.org/person/376
Bassius	ܒܣܝܢܐ	http://syriaca.org/person/1630
Bassus	[Syriac Not Available]	http://syriaca.org/person/1167
Bawai	[Syriac Not Available]	http://syriaca.org/person/1169
Behnam	ܒܗܢܡ	http://syriaca.org/person/1171
Behnam	[Syriac Not Available]	http://syriaca.org/person/1170
Benjamin	[Syriac Not Available]	http://syriaca.org/person/1174
Benjamin	[Syriac Not Available]	http://syriaca.org/person/1173
Benjamin	ܒܢܝܡܝܢ	http://syriaca.org/person/1172
Benjamin, son of Jacob	ܒܢܝܡܝܢ	http://syriaca.org/person/1632
Benjamin of Beth Nuhadra	ܒܢܝܡܝܢ ܡܢ ܐܬܪܐ ܢܘܗܕܪܐ	http://syriaca.org/person/1633
Bessarion	ܒܝܣܝܪܝܘܢ	http://syriaca.org/person/1634
Bishoi	ܒܝܫܘܝ	http://syriaca.org/person/1175
Bohtishoʿ	[Syriac Not Available]	http://syriaca.org/person/1176
Bohtizad of Kurke	[Syriac Not Available]	http://syriaca.org/person/1177
Brihishoʿ, brother of Yawnan	[Syriac Not Available]	http://syriaca.org/person/1179
Brikhishoʿ	ܒܪܝܟܝܫܘܥ	http://syriaca.org/person/1178
Brother	ܐܚܐ	http://syriaca.org/person/1740
Butlana	[Syriac Not Available]	http://syriaca.org/person/1180
RabbanBuya	[Syriac Not Available]	http://syriaca.org/person/1181
Caesarea	ܩܣܪܝܐ	http://syriaca.org/person/1641
Caesarius	ܩܣܪܝܘܣ	http://syriaca.org/person/1640
Callinicus	ܩܠܝܢܝܩܘܣ	http://syriaca.org/person/1636
Candida	ܩܢܕܝܕܐ	http://syriaca.org/person/1637
Candida	[Syriac Not Available]	http://syriaca.org/person/3003
Capiton	ܩܦܝܛܘܢ	http://syriaca.org/person/1638
Carnidos	ܩܪܢܝܕܘܣ	http://syriaca.org/person/1639
Carpus	[Syriac Not Available]	http://syriaca.org/person/1182
Charisios	ܟܪܝܣܣ	http://syriaca.org/person/1642
The Cherub Gaurding Pardise	ܟܪܘܒܐ	http://syriaca.org/person/1644
A Child from Alexandria	[Syriac Not Available]	http://syriaca.org/person/2132
Christina Yazdoi	ܟܪܣܛܝܢܐ ܝܙܕܘܝ	http://syriaca.org/person/1183
Christopher	ܟܪܝܣܛܘܦܘܪܘܣ	http://syriaca.org/person/1645
Chronios	ܟܪܘܢܝܘܣ	http://syriaca.org/person/1646
Claudius	ܩܠܘܕܝܢܘܣ	http://syriaca.org/person/1647
Clement of Ankara	ܩܠܡܝܣ	http://syriaca.org/person/1648
Clement of Rome	ܩܠܡܝܣ	http://syriaca.org/person/423
Collutus	ܩܘܠܬܐܘܣ	http://syriaca.org/person/1649
Constantine, bishop of Edessa	ܩܘܣܛܢܛܝܢ ܕܐܘܪܗܝ	http://syriaca.org/person/1840
Constantine, bishop of Edessa	ܩܘܣܛܢܛܝܢ ܕܐܘܪܗܝ	http://syriaca.org/person/1839
Constantine bishop of Edessa	ܩܘܣܛܢܛܝܢ ܕܐܘܪܗܝ	http://syriaca.org/person/126
Constantine the Great	ܩܘܣܛܢܛܝܢܘܣ	http://syriaca.org/person/1655
Copros	ܩܘܦܪܘܣ	http://syriaca.org/person/1657
Cosmos	ܩܘܙܡܐ	http://syriaca.org/person/1650
Cosmos of Sinai	ܩܘܙܡܐ	http://syriaca.org/person/1651
Crescens	ܩܪܣܩܘܣ	http://syriaca.org/person/1660
The Cross	ܨܠܝܒܐ	http://syriaca.org/person/1661
Cyprian	ܩܘܦܪܝܢܐ	http://syriaca.org/person/1663
Cyprian	ܩܘܦܪܝܢܘܣ	http://syriaca.org/person/1662
Cyprian	[Syriac Not Available]	http://syriaca.org/person/1185
Cyriacus	ܩܘܪܝܩܘܣ	http://syriaca.org/person/1665
Cyriacus	ܩܘܪܝܩܐ	http://syriaca.org/person/1664
Cyriacus	ܩܘܪܝܩܘܣ	http://syriaca.org/person/1192
Cyriacus	[Syriac Not Available]	http://syriaca.org/person/1528
Cyriacus	[Syriac Not Available]	http://syriaca.org/person/1189
Cyriacuspatriarch of Antioch	ܩܘܪܝܐܩܘܣ	http://syriaca.org/person/145
Cyril	ܟܘܪܠܘܣ	http://syriaca.org/person/1666
Cyril of Alexandria	ܩܘܪܝܠܠܘܣ ܕܐܠܟܣܢܕܪܝܐ	http://syriaca.org/person/430
Cyrus	[Syriac Not Available]	http://syriaca.org/person/1188
Cyrus	[Syriac Not Available]	http://syriaca.org/person/1186
Cyrus II of Edessa	ܩܘܪܐ	http://syriaca.org/person/2253
Cyrus of Harran	ܩܘܪܝܘܣ	http://syriaca.org/person/1187
Dada	ܕܕܐ	http://syriaca.org/person/1667
Dado	ܕܕܘ	http://syriaca.org/person/1194
Dadouq	ܕܕܘܩ	http://syriaca.org/person/1668
Dadu	[Syriac Not Available]	http://syriaca.org/person/3027
Damian	ܕܘܡܝܢܐ	http://syriaca.org/person/1669
Damian, patriarch of Alexandria	[Syriac Not Available]	http://syriaca.org/person/1196
Daniel	[Syriac Not Available]	http://syriaca.org/person/1670
Daniel	ܕܢܝܐܝܠ	http://syriaca.org/person/1671
Daniel	ܕܢܝܐܝܠ	http://syriaca.org/person/1200
Daniel	ܕܢܝܐܝܠ	http://syriaca.org/person/1672
Daniel	[Syriac Not Available]	http://syriaca.org/person/1199
Daniel of Adiabene	ܕܢܝܐܝܠ	http://syriaca.org/person/1673
Daniel of Galash	[Syriac Not Available]	http://syriaca.org/person/1198
Daniel of Mardin	[Syriac Not Available]	http://syriaca.org/person/1674
Daniel of Qartmin	[Syriac Not Available]	http://syriaca.org/person/1202
Daniel of Scetis	ܕܢܝܐܝܠ	http://syriaca.org/person/1203
Daniel of the Monastery of the Dung Beetles	[Syriac Not Available]	http://syriaca.org/person/1197
Daniel the Doctor	ܕܢܝܐܝܠ ܐܣܝܐ	http://syriaca.org/person/1201
Daniel the Stylite	[Syriac Not Available]	http://syriaca.org/person/1204
A Daughter of the Covenant	[Syriac Not Available]	http://syriaca.org/person/1631
David	[Syriac Not Available]	http://syriaca.org/person/1205
David of Harran	[Syriac Not Available]	http://syriaca.org/person/1206
Demet	ܕܝܡܛ	http://syriaca.org/person/2258
Demetrianus	[Syriac Not Available]	http://syriaca.org/person/1207
Denha	[Syriac Not Available]	http://syriaca.org/person/1208
DenhamaphrianI	ܕܢܚܐ	http://syriaca.org/person/97
Didymus	ܕܝܕܘܡܘܣ	http://syriaca.org/person/1679
Diocles	ܕܝܘܩܠܝܣ	http://syriaca.org/person/1680
Diodore	ܕܝܕܘܪܘܣ	http://syriaca.org/person/1681
Diodore of Tarsus	ܕܝܘܕܘܪܘܣ ܕܛܪܣܘܣ	http://syriaca.org/person/451
Dionysios bar Salibi	ܕܝܘܢܢܘܣܝܘܣ ܒܪ ܨܠܝܒܝ	http://syriaca.org/person/212
Dioscorus	[Syriac Not Available]	http://syriaca.org/person/3004
Dioscorus	ܕܝܘܣܩܘܪܘܣ	http://syriaca.org/person/1682
A Disciple, killed by his master	[Syriac Not Available]	http://syriaca.org/person/1686
Disciple of an Elder	[Syriac Not Available]	http://syriaca.org/person/1683
Disciple of an Elder of Scetis	[Syriac Not Available]	http://syriaca.org/person/1684
Disciple of a Solitary Elder	[Syriac Not Available]	http://syriaca.org/person/1685
Dodo	[Syriac Not Available]	http://syriaca.org/person/1193
Dometius	ܕܘܡܛܪܝܘܣ	http://syriaca.org/person/1689
Dometius	[Syriac Not Available]	http://syriaca.org/person/1374
Dometius	ܕܘܡܐܛܪܝܘܣ	http://syriaca.org/person/1214
Domitius	ܕܘܡܛ	http://syriaca.org/person/1213
Domninus	ܕܘܡܢܝܢܘܣ	http://syriaca.org/person/1690
Domnus	[Syriac Not Available]	http://syriaca.org/person/1691
Dorotheus	ܕܘܪܘܬܐܘܣ	http://syriaca.org/person/1692
Doticos	ܕܘܛܝܩܘܣ	http://syriaca.org/person/1693
Dourtan	ܕܘܪܬܢ	http://syriaca.org/person/1694
Drosis	ܕܪܘܣܝܣ	http://syriaca.org/person/1695
ʿEbed-Mshiha of Adiabene	ܥܒܕ ܡܫܝܚܐ	http://syriaca.org/person/1696
Edna	[Syriac Not Available]	http://syriaca.org/person/1215
The Egyptians of Qartmin	[Syriac Not Available]	http://syriaca.org/person/1216
Eleutherius	ܐܠܘܬܪܝܘܣ	http://syriaca.org/person/1697
Elian	[Syriac Not Available]	http://syriaca.org/person/1217
Elijah	[Syriac Not Available]	http://syriaca.org/person/1220
Elijah	[Syriac Not Available]	http://syriaca.org/person/1219
Elijah	[Syriac Not Available]	http://syriaca.org/person/1218
Elijah	ܐܠܝܐ	http://syriaca.org/person/1705
Elijah	ܐܠܝܐ	http://syriaca.org/person/1699
Elijah	ܐܠܝܐ	http://syriaca.org/person/1700
Elijah	ܐܠܝܐ	http://syriaca.org/person/3145
Elijah	[Syriac Not Available]	http://syriaca.org/person/1701
Elijah, friend of the virgins	ܐܠܝܐ	http://syriaca.org/person/1703
Elijah of Dara	ܐܠܝܐ	http://syriaca.org/person/1704
Elijah of Hirta	[Syriac Not Available]	http://syriaca.org/person/1221
Elijah the Solitary	ܐܠܝܐ	http://syriaca.org/person/1698
Elijah the Younger of Heliopolis	[Syriac Not Available]	http://syriaca.org/person/1222
Elisha of Garbiya	[Syriac Not Available]	http://syriaca.org/person/1223
Elisha of Tanhir	[Syriac Not Available]	http://syriaca.org/person/1224
Elpidiphorus	[Syriac Not Available]	http://syriaca.org/person/1225
Elpidos	ܗܠܦܕܝܘܣ	http://syriaca.org/person/1706
Elpis	ܗܠܦܝܣ	http://syriaca.org/person/1707
Ephrem	ܐܦܪܝܡ	http://syriaca.org/person/13
Ephrem the Scribe	ܐܦܪܝܡ	http://syriaca.org/person/1098
Epiphanius	ܐܦܝܦܢܣ	http://syriaca.org/person/1708
Epiphaniusof Salamis	ܐܦܝܦܐܢܝܘܣ ܕܩܘܦܪܘܣ	http://syriaca.org/person/477
Eubulus	ܐܘܒܘܠܘܣ	http://syriaca.org/person/3028
Eucarpios	ܐܘܩܪܦܝܣ	http://syriaca.org/person/1712
Eudoxius	ܐܒܕܘܟܣܝܘܣ	http://syriaca.org/person/1713
Eugene	ܐܘܓܝܢ	http://syriaca.org/person/1714
Eugenia	ܐܘܓܢܝܐ	http://syriaca.org/person/1716
Eugenius	[Syriac Not Available]	http://syriaca.org/person/1231
Eulogius	ܐܘܠܘܓܝܣ	http://syriaca.org/person/1718
Eulogius	ܐܘܠܘܓܝܣ	http://syriaca.org/person/1717
Eulogius and the leper	ܐܘܠܘܓ	http://syriaca.org/person/1232
Euphemia	ܐܘܦܡܝܐ ܘܣܘܦܝܐ	http://syriaca.org/person/1720
Euphemia	ܐܘܦܡܝܐ	http://syriaca.org/person/3025
Euphemiathe martyr	ܐܘܦܝܡܝܐ	http://syriaca.org/person/479
Euphemius	ܐܘܦܡܝܐ	http://syriaca.org/person/1719
Euphrosyne	ܐܘܦܪܘܣܝܢܝ ܐܙܡܪܓܕܘܣ	http://syriaca.org/person/1721
Eupraxia	ܐܘܦܪܟܣܝܐ	http://syriaca.org/person/1722
Eupraxius	ܐܘܦܪܟܣܝܐ	http://syriaca.org/person/1233
Eusebius, bishop of Rome	ܐܘܣܒܝܣ	http://syriaca.org/person/1723
Eusebiusof Samosata	ܐܘܣܒܝܘܣ ܕܫܡܝܫܛ	http://syriaca.org/person/958
Eusebona	[Syriac Not Available]	http://syriaca.org/person/1235
Eustathius, bishop of Antioch	ܐܘܣܛܬܝܣ	http://syriaca.org/person/1725
Eustathius the Monk	ܐܘܣܛܬܝܘܣ	http://syriaca.org/person/1724
Eustathius the Reader	ܐܘܣܛܬܝܣ ܩܪܘܝܐ	http://syriaca.org/person/1726
Eutal	[Syriac Not Available]	http://syriaca.org/person/1236
Eutal of Magdala	[Syriac Not Available]	http://syriaca.org/person/1237
Euthalius	[Syriac Not Available]	http://syriaca.org/person/1727
Euthymius	[Syriac Not Available]	http://syriaca.org/person/1728
Eutychios	[Syriac Not Available]	http://syriaca.org/person/1238
Evagriusof Pontus	ܐܘܓܪܝܣ	http://syriaca.org/person/483
Eve	ܚܘܐ	http://syriaca.org/person/1731
Ezekiel	[Syriac Not Available]	http://syriaca.org/person/1865
Ezekiel the Monk	[Syriac Not Available]	http://syriaca.org/person/1239
Father of Egypt	[Syriac Not Available]	http://syriaca.org/person/1994
Fathers (Paradise of)	[Syriac Not Available]	http://syriaca.org/person/1993
Fathers of Nitria	[Syriac Not Available]	http://syriaca.org/person/1744
Fausta of Cyzicus	ܦܘܣܛܐ	http://syriaca.org/person/1734
Faustinus	ܦܘܣܛܝܢܘܣ	http://syriaca.org/person/1735
Febronia of Nisibis	ܦܒܪܘܢܝܐ	http://syriaca.org/person/1240
Flavian	ܦܠܘܝܢܘܣ	http://syriaca.org/person/1737
Forty Martyrs of Sebaste	ܐܪ̈ܒܥܝܢ ܣܗܕ̈ܐ	http://syriaca.org/person/1901
Forty Martyrs of Sinai	[Syriac Not Available]	http://syriaca.org/person/1904
Gabriel	[Syriac Not Available]	http://syriaca.org/person/1241
Gabrielof Edessa	ܓܒܪܐܝܠ ܐܘܪܗܝܐ	http://syriaca.org/person/227
Gabriel of Kashkar	[Syriac Not Available]	http://syriaca.org/person/1243
Gabriel of Qartmin	ܓܒܪܐܝܠ	http://syriaca.org/person/1242
Gabrona of Qarta	[Syriac Not Available]	http://syriaca.org/person/1244
Gaddai	ܓܕܝ	http://syriaca.org/person/1747
Gamaliel	[Syriac Not Available]	http://syriaca.org/person/1245
Ganni of Hirta	[Syriac Not Available]	http://syriaca.org/person/1246
Gayana	[Syriac Not Available]	http://syriaca.org/person/1247
Gelasia	ܓܠܣܝܐ	http://syriaca.org/person/1748
George	ܓܝܘܪܓܝܣ	http://syriaca.org/person/1749
George, bishop of the Arabs	ܓܘܪܓܝ ܐܦܝܣܩܘܦܐ ܕܥܪ̈ܒܝܐ	http://syriaca.org/person/122
George of Harran	[Syriac Not Available]	http://syriaca.org/person/1249
George of the Greeks	[Syriac Not Available]	http://syriaca.org/person/1248
George the Priest	ܓܝܘܪܓܝܣ	http://syriaca.org/person/1250
Gerasimos	ܓܪܘܣܝܡܘܣ	http://syriaca.org/person/1753
Germanus	ܓܪܡܢܘܣ	http://syriaca.org/person/1754
Golinduch	[Syriac Not Available]	http://syriaca.org/person/1251
The Good Thief on the Cross	ܓܝܣܐ ܕܡܢ ܝܡܝܢܐ	http://syriaca.org/person/1851
Gordian, father of Saint George	ܓܘܪܕܝܢܘܣ	http://syriaca.org/person/1755
Gordios	ܓܪܕܝܘܣ	http://syriaca.org/person/1756
Gorgonia	ܓܘܪܓܢܝܐ	http://syriaca.org/person/1757
Gourbarlaha	ܓܘܒܪܠܗܐ	http://syriaca.org/person/1254
Gourya	ܓܘܪܝܐ	http://syriaca.org/person/1257
Greek Doctors	ܡܠܦܢܐ ܝܘܢܝܐ	http://syriaca.org/person/1211
bar HebraeusGregorius	ܓܪܝܓܘܪܝܘܣ ܒܪ ܥܒܪܝܐ	http://syriaca.org/person/239
GregoryNazianzen	ܓܪܝܓܘܪܝܘܣ ܕܐܢܙܝܢܙܘ	http://syriaca.org/person/511
Gregory or George, Zwanarse and Yazdapnah	[Syriac Not Available]	http://syriaca.org/person/1252
Gregory Pirangoushnasp	ܓܪܝܓܘܪ	http://syriaca.org/person/1253
Gregory the Elder	ܓܪܝܓܘܪܝܘܣ	http://syriaca.org/person/1759
Gregory the Illuminator	ܓܪܝܓܘܪܝܘܣ	http://syriaca.org/person/1761
Gregory the Wonderworker	ܓܪܝܓܘܪܝܘܣ ܥܒܕ ܬܕܡܪ̈ܬܐ	http://syriaca.org/person/513
Guhishtazad	[Syriac Not Available]	http://syriaca.org/person/1255
Guhishtazad	[Syriac Not Available]	http://syriaca.org/person/1256
Habakkuk	ܚܒܩܘܩ	http://syriaca.org/person/1763
Habib	[Syriac Not Available]	http://syriaca.org/person/3019
Habib	ܚܒܝܒ	http://syriaca.org/person/1765
Habib	[Syriac Not Available]	http://syriaca.org/person/1259
Habib	ܚܒܝܒ	http://syriaca.org/person/1258
Habib	ܚܒܝܒ	http://syriaca.org/person/1260
Habib of Samosata	ܚܒܝܒ	http://syriaca.org/person/1764
Habib of Scetis	[Syriac Not Available]	http://syriaca.org/person/1261
Hadrian	ܐܕܪܝܢܗ	http://syriaca.org/person/1767
Hadrian	ܗܕܪܝܢܘܣ	http://syriaca.org/person/1768
Hala	ܚܠܐ	http://syriaca.org/person/1769
Hananya of Dayr al-Zaʿfaran	[Syriac Not Available]	http://syriaca.org/person/1264
Hapsai	ܚܦܣܝ	http://syriaca.org/person/1770
Harphat	ܚܪܦܛ	http://syriaca.org/person/1771
Hasho	ܗܫܘ	http://syriaca.org/person/1766
Hatha	ܚܬܐ	http://syriaca.org/person/3030
Helen	[Syriac Not Available]	http://syriaca.org/person/1265
Heliodorus	[Syriac Not Available]	http://syriaca.org/person/1266
Henana of Adiabene	ܚܢܢܐ ܚܕܝܒܝܐ	http://syriaca.org/person/530
Heraclas of Kafar Sama	[Syriac Not Available]	http://syriaca.org/person/1267
Hermalaʾos	ܐܪܡܠܐܘܣ	http://syriaca.org/person/1772
Heronios	ܗܪܘܢܝܘܢ	http://syriaca.org/person/2064
Hilaria	ܐܠܐܪܝܐ	http://syriaca.org/person/1268
Hiran of Adiabene	ܚܝܪܢ	http://syriaca.org/person/1774
Holy Innocents	ܝܠܘ̈ܕܐ ܕܐܬܩܛܠܘ ܡܢ ܐܝܪܘܕܝܣ ܒܒܝܬ ܠܚܡ	http://syriaca.org/person/1786
Honorius, Roman emperor	[Syriac Not Available]	http://syriaca.org/person/1779
Hormizd	[Syriac Not Available]	http://syriaca.org/person/1270
Hormizd	ܗܘܪܡܝܙܕ	http://syriaca.org/person/1271
Hosea	ܗܘܫܥ	http://syriaca.org/person/1952
Hudahwi	[Syriac Not Available]	http://syriaca.org/person/1272
Hwara, son of Theodore	[Syriac Not Available]	http://syriaca.org/person/1273
Hwarta	[Syriac Not Available]	http://syriaca.org/person/1274
Hyperechius	ܗܘܦܪܟܘܣ	http://syriaca.org/person/1780
Ia	[Syriac Not Available]	http://syriaca.org/person/1275
Ignatius	ܐܝܓܢܐܛܝܘܣ	http://syriaca.org/person/1782
Ignatius	[Syriac Not Available]	http://syriaca.org/person/1276
Ignatius of Antioch	ܐܓܢܛܝܘܣ	http://syriaca.org/person/544
Ignatius XVIII David Shah	[Syriac Not Available]	http://syriaca.org/person/1783
Ina	[Syriac Not Available]	http://syriaca.org/person/1784
Innocent	ܐܝܢܘܩܢܛܝܘܣ	http://syriaca.org/person/1785
Irene	ܐܝܪܝܢܝܐ	http://syriaca.org/person/1787
Isaac	[Syriac Not Available]	http://syriaca.org/person/1278
Isaac	ܐܝܣܚܩ	http://syriaca.org/person/1790
Isaac	ܐܝܣܚܩ	http://syriaca.org/person/1788
Isaac	[Syriac Not Available]	http://syriaca.org/person/1277
Isaac	ܐܝܣܚܩ	http://syriaca.org/person/1789
Isaac, bishop of Karka	ܐܝܣܚܩ	http://syriaca.org/person/1791
Isaac of Adiabene	ܐܝܣܚܩ	http://syriaca.org/person/1792
Isaacof Nineveh	ܐܝܣܚܩ ܕܢܝܢܘܐ	http://syriaca.org/person/550
Isaiah	[Syriac Not Available]	http://syriaca.org/person/1279
Isaiah	ܐܫܥܝܐ	http://syriaca.org/person/3141
Isaiah of Aleppo	ܐܫܥܝܐ ܚܠܒܝܐ	http://syriaca.org/person/1280
Isaiah of Palestine	ܐܫܥܝܐ	http://syriaca.org/person/1793
Isaiah the Egyptian	[Syriac Not Available]	http://syriaca.org/person/1281
Ishoʿ bar Nun	ܝܫܘܥ ܒܪ ܢܘܢ	http://syriaca.org/person/1794
Ishoʿ of Kumateh	ܝܫܘܥ ܕܟܘܡ̈ܬܗ	http://syriaca.org/person/1795
Ishoʿsabran	ܝܫܘܥܣܒܪܢ	http://syriaca.org/person/1284
Ishoʿyahb	[Syriac Not Available]	http://syriaca.org/person/1286
Ishoʿyahb	[Syriac Not Available]	http://syriaca.org/person/1285
Ishoʿyahb bar Qusre	[Syriac Not Available]	http://syriaca.org/person/1289
Ishoʿyahb III of Adiabene	ܝܫܘܥܝܗܒ ܚܕܝܒܝܐ	http://syriaca.org/person/561
Ishoʿyahb of Arzun	[Syriac Not Available]	http://syriaca.org/person/1287
Ishoʿyahb of Gdala	[Syriac Not Available]	http://syriaca.org/person/1288
Isidore	[Syriac Not Available]	http://syriaca.org/person/1282
Isidore	ܐܝܣܝܕܘܪܐ	http://syriaca.org/person/1796
Isidore	[Syriac Not Available]	http://syriaca.org/person/1283
Israel of Kashkar	[Syriac Not Available]	http://syriaca.org/person/1290
Jacob	[Syriac Not Available]	http://syriaca.org/person/1294
Jacob	ܝܥܩܘܒ	http://syriaca.org/person/1301
Jacob, bishop of Phesilta	[Syriac Not Available]	http://syriaca.org/person/1295
Jacob Baradaeus	ܝܥܩܘܒ ܒܘܪܕܥܝܐ	http://syriaca.org/person/69
Jacob of Adiabene	ܝܥܩܘܒ ܛܢܢܐ	http://syriaca.org/person/1322
Jacobof Edessa	ܝܥܩܘܒ ܕܐܘܪܗܝ	http://syriaca.org/person/113
Jacobof Nisibis	ܝܥܩܘܒ ܕܢܨܝܒܝܢ	http://syriaca.org/person/811
Jacob of Samosata	ܝܥܩܘܒ	http://syriaca.org/person/1797
Jacob of Serugh	ܝܥܩܘܒ ܕܣܪܘܓ	http://syriaca.org/person/42
Jacob the Apostle	ܝܥܩܘܒ	http://syriaca.org/person/1798
Jacob the Cut-Up	ܝܥܩܘܒ ܡܦܣܩܐ	http://syriaca.org/person/1296
Jacob the Lame	ܝܥܩܘܒ ܚܓܝܪܐ	http://syriaca.org/person/1799
Jacob the Notary	ܝܥܩܘܒ ܢܘܛܪܐ	http://syriaca.org/person/1297
Jacob the Priest	ܝܥܩܘܒ	http://syriaca.org/person/1302
Jacob the Reclus	[Syriac Not Available]	http://syriaca.org/person/1298
Jacob the Recluse	ܝܥܩܘܒ	http://syriaca.org/person/1299
Jacob the Wandering Monk	ܝܥܩܘܒ	http://syriaca.org/person/1800
James of the Monastery of the Edessenes	[Syriac Not Available]	http://syriaca.org/person/1933
Job of Adiabene	[Syriac Not Available]	http://syriaca.org/person/1324
Job the Just	ܐܝܧܒ ܙܕܝܩܐ	http://syriaca.org/person/1829
John	ܝܘܚܢܢ	http://syriaca.org/person/1806
John	ܝܘܚܢܢ	http://syriaca.org/person/1820
John	ܝܘܚܢܢ	http://syriaca.org/person/1801
John	ܝܘܚܢܢ	http://syriaca.org/person/1802
John	ܝܘܚܢܢ	http://syriaca.org/person/1805
John	ܝܘܚܢܢ	http://syriaca.org/person/1803
Johnbar Aphtonia	ܝܘܚܢܢ ܒܪ ܐܦܬܘܢܝܐ	http://syriaca.org/person/52
John bar Maryam	ܝܘܚܢܢ ܒܪ ܡܪܝܡ	http://syriaca.org/person/1323
John bar Penkaye	ܝܘܚܢܢ ܒܪ ܦܢܟܝ̈ܐ	http://syriaca.org/person/821
John bar Shayullah	ܦܛܪܝܪܟܐ ܝܘܚܢܢ ܒܪ ܫܝܠܠܗ	http://syriaca.org/person/271
John bar ʿAbdun	[Syriac Not Available]	http://syriaca.org/person/1306
John Busnaya	[Syriac Not Available]	http://syriaca.org/person/1310
John Chrysostom	ܝܘܐܢܝܣ ܟܪܘܣܘܣܛܘܡܘܣ	http://syriaca.org/person/573
John III the Philosopher	[Syriac Not Available]	http://syriaca.org/person/1305
John Nahlaya	ܝܘܚܢܢ ܢܚܠܝܐ	http://syriaca.org/person/1825
John of Adiabene	ܝܘܚܢܢ	http://syriaca.org/person/1811
John of Antioch	[Syriac Not Available]	http://syriaca.org/person/1812
Johnof Dailam	ܝܘܚܢܢ ܕܝܠܘܡܝܐ	http://syriaca.org/person/825
John of Dasen, layman	ܝܘܚܢܢ ܕܣܢܝܐ	http://syriaca.org/person/1814
John of Edessa	ܝܘܚܢܢ	http://syriaca.org/person/1321
John of Harran	[Syriac Not Available]	http://syriaca.org/person/1313
John of Helephta	ܝܘܚܢܢ ܕܚܠܦܬܐ	http://syriaca.org/person/1815
John of Hephaestopolis	ܝܘܚܢܢ	http://syriaca.org/person/1813
John of Kafar Sania	[Syriac Not Available]	http://syriaca.org/person/1314
John of Kamul	[Syriac Not Available]	http://syriaca.org/person/1315
John of Kashkar	[Syriac Not Available]	http://syriaca.org/person/1316
John of Kfone	[Syriac Not Available]	http://syriaca.org/person/1317
John of Lycopolis	ܝܘܚܢܢ ܕܒܠܘܩܘ	http://syriaca.org/person/1816
Johnof Mardin	ܝܘܚܢܢ ܕܡܪܕܝܢ	http://syriaca.org/person/209
John of Nhel	ܝܘܚܢܢ ܕܢܚܠ	http://syriaca.org/person/1817
John of Qartmin	[Syriac Not Available]	http://syriaca.org/person/1319
John of Rome	ܝܘܚܢܢ	http://syriaca.org/person/1818
John of Sinai	[Syriac Not Available]	http://syriaca.org/person/1819
John of Tella	ܝܘܚܢܢ ܕܬܠܐ	http://syriaca.org/person/50
John Psaltes	[Syriac Not Available]	http://syriaca.org/person/1318
John son of Euphemianos	ܝܘܚܢܢ	http://syriaca.org/person/1821
John the Almsgiver	ܝܘܚܢܢ ܡܪܚܡܢܐ	http://syriaca.org/person/1308
John the Arab	[Syriac Not Available]	http://syriaca.org/person/1307
John the Baptist	ܝܘܚܢܢ ܡܥܡܕܢܐ	http://syriaca.org/person/1808
John the Blue	[Syriac Not Available]	http://syriaca.org/person/1309
John the Camel-Driver	[Syriac Not Available]	http://syriaca.org/person/1312
John the Doctor	[Syriac Not Available]	http://syriaca.org/person/1303
John the Egyptian	[Syriac Not Available]	http://syriaca.org/person/1311
John the Evangelist	ܝܘܚܢܢ	http://syriaca.org/person/1826
John the Nazarite	ܝܘܚܢܢ ܢܙܝܪܐ	http://syriaca.org/person/1320
John the Silo-Dweller	ܝܘܚܢܢ ܕܥܡܪ ܒܒܐܪܐ	http://syriaca.org/person/1824
John the Small	ܝܘܚܢܢ ܙܥܘܪܐ	http://syriaca.org/person/1823
John the Son of the Carpenters	[Syriac Not Available]	http://syriaca.org/person/1304
Jonah	[Syriac Not Available]	http://syriaca.org/person/1510
Jonah	ܝܘܢܢ	http://syriaca.org/person/1513
Jonah	ܝܘܢܢ	http://syriaca.org/person/1830
Jonah of Anbar	[Syriac Not Available]	http://syriaca.org/person/1511
Jonah of Anbar	[Syriac Not Available]	http://syriaca.org/person/1511
Jonah of Hah	[Syriac Not Available]	http://syriaca.org/person/1514
Joseph	[Syriac Not Available]	http://syriaca.org/person/1325
Joseph	ܝܘܣܦ	http://syriaca.org/person/1838
Joseph	ܝܘܣܦ	http://syriaca.org/person/1836
Joseph	ܝܘܣܦ	http://syriaca.org/person/1837
Joseph, patriarch of Antioch	[Syriac Not Available]	http://syriaca.org/person/1326
JosephBusnaya	ܝܘܣܦ ܒܘܣܢܝܐ	http://syriaca.org/person/815
Joseph of Adiabene	ܝܘܣܦ	http://syriaca.org/person/2162
Joseph of Arbela	[Syriac Not Available]	http://syriaca.org/person/1327
Judas Cyriacus	ܝܗܘܕܐ ܩܘܪܝܩܘܣ	http://syriaca.org/person/1191
Julian	ܝܘܠܝܐܢܘܣ	http://syriaca.org/person/2164
Julian, patriarch of Antioch	ܝܘܠܝܢܐ	http://syriaca.org/person/1330
Juliana	ܝܘܠܝܢܐ	http://syriaca.org/person/2165
Juliana	ܝܘܠܝܢܐ	http://syriaca.org/person/1329
Julian of Nicomedia	ܝܘܠܝܢܐ	http://syriaca.org/person/2166
JulianSaba	ܝܘܠܝܢܐ ܣܒܐ	http://syriaca.org/person/834
Julianus	ܝܘܠܝܢܘܣ	http://syriaca.org/person/3151
Juliet	ܝܘܠܝܛܐ	http://syriaca.org/person/2167
Julietta	ܝܘܠܝܛܐ	http://syriaca.org/person/1332
Julius, pope of Rome	ܝܘܠܝܘܣ	http://syriaca.org/person/2163
Justina	ܝܘܣܛܐ	http://syriaca.org/person/1333
Juventus	ܝܘܒܢܛܝܢܘܣ	http://syriaca.org/person/2169
Karag	[Syriac Not Available]	http://syriaca.org/person/1334
Karkus	[Syriac Not Available]	http://syriaca.org/person/1335
Kenan	[Syriac Not Available]	http://syriaca.org/person/1336
Kezmo	[Syriac Not Available]	http://syriaca.org/person/1847
King of ancient times	[Syriac Not Available]	http://syriaca.org/person/2038
Kodawahay	ܟܘܕܐܘܗܝ	http://syriaca.org/person/1848
Kulata	ܟܘܠܬܐ	http://syriaca.org/person/1849
Kurbur	[Syriac Not Available]	http://syriaca.org/person/1337
A Lapsed Bishop	[Syriac Not Available]	http://syriaca.org/person/1733
Lawrence	ܠܘܪܢܛܝܘܣ	http://syriaca.org/person/1339
Lazarus	ܠܥܙܪ	http://syriaca.org/person/1852
Lazarus of Habsenas	[Syriac Not Available]	http://syriaca.org/person/1846
Lazarus of Tur ʿAbdin	[Syriac Not Available]	http://syriaca.org/person/1843
Lazarus of Zagug	[Syriac Not Available]	http://syriaca.org/person/1842
Lazarus the Confessor	[Syriac Not Available]	http://syriaca.org/person/1340
Leontius	ܠܐܘܢܛܝ	http://syriaca.org/person/1853
Leontius	ܠܐܘܢܛܝܘܣ	http://syriaca.org/person/1341
Lollian	ܠܘܠܝܢܐ	http://syriaca.org/person/1854
Longinus	ܠܘܢܓܝܢܐ	http://syriaca.org/person/1342
Longinus	ܠܘܢܓܝܢܘܣ	http://syriaca.org/person/3012
Lucianus	ܠܘܩܝܢܘܣ	http://syriaca.org/person/1856
Lucianus	ܠܘܩܝܢܘܣ	http://syriaca.org/person/1857
Luke the Deacon	[Syriac Not Available]	http://syriaca.org/person/1343
Luke the Evangelist	ܠܘܩܐ	http://syriaca.org/person/1855
Lunatic of the Tabennesiots	[Syriac Not Available]	http://syriaca.org/person/1738
Macarius	ܡܩܪܝܣ	http://syriaca.org/person/856
Macarius	[Syriac Not Available]	http://syriaca.org/person/1344
Macarius of Alexandria	ܡܩܪܝܣ	http://syriaca.org/person/1346
Maccabees	[Syriac Not Available]	http://syriaca.org/person/1858
The Magi	ܡܓܘ̈ܫܐ	http://syriaca.org/person/1859
Magne	ܡܓܢܐ	http://syriaca.org/person/1860
Mahri	ܡܗܪܝ	http://syriaca.org/person/1861
Malcha the Solitary	ܡܪܩܘܣ	http://syriaca.org/person/1870
Malka	ܡܠܟܐ	http://syriaca.org/person/1862
Malke	ܡܠܟܐ	http://syriaca.org/person/1350
Mama	ܡܐܡܐ	http://syriaca.org/person/1845
Mama	ܡܐܡܐ	http://syriaca.org/person/1844
Mamas	ܡܐܡܐ	http://syriaca.org/person/1352
Mamelhta	[Syriac Not Available]	http://syriaca.org/person/1353
Mannathus	ܡܢܢܬܘܣ	http://syriaca.org/person/1863
Maqbil of Mansouria	ܡܩܒܝܠ	http://syriaca.org/person/1864
Maran-zkha of Adiabene	ܡܪܢ ܙܟܐ	http://syriaca.org/person/1867
Maranʿammeh	[Syriac Not Available]	http://syriaca.org/person/1868
Mara of Beth Urtaye	ܡܪܐ ܕܒܝܬ ܐܘܪ̈ܛܝܐ	http://syriaca.org/person/1866
Mara the Solitary	ܡܪܐ ܝܚܝܕܝܐ	http://syriaca.org/person/1875
Marcian	ܡܪܩܝܢܘܣ	http://syriaca.org/person/3024
Marcus the Younger	ܡܪܩܘܣ	http://syriaca.org/person/1872
Mari	ܡܐܪܝ	http://syriaca.org/person/1876
Mari	[Syriac Not Available]	http://syriaca.org/person/1360
Mari	ܡܐܪܝ	http://syriaca.org/person/1358
Marina	ܡܪܝܢܐ	http://syriaca.org/person/1365
Mari of Beth Sahde	[Syriac Not Available]	http://syriaca.org/person/1359
Mark	[Syriac Not Available]	http://syriaca.org/person/1355
Mark of Tarmaqa	ܡܪܩܘܣ	http://syriaca.org/person/1356
Mark the Evangelist	ܡܐܪܩܘܣ	http://syriaca.org/person/1871
Mark the Merchant	[Syriac Not Available]	http://syriaca.org/person/1873
Mark the Monk	ܡܪܩܘܣ	http://syriaca.org/person/1869
Maron	ܡܪܘܢ	http://syriaca.org/person/1885
Maron	[Syriac Not Available]	http://syriaca.org/person/1366
Maron	ܡܪܘܢ	http://syriaca.org/person/621
Maron of ʿAyn Ward	[Syriac Not Available]	http://syriaca.org/person/1367
Maroutha	ܡܪܘܬ	http://syriaca.org/person/1886
Martha	[Syriac Not Available]	http://syriaca.org/person/1369
Martha	[Syriac Not Available]	http://syriaca.org/person/1371
Martha	ܡܪܬܐ	http://syriaca.org/person/1370
Martianus	ܛܢܝܢܐ	http://syriaca.org/person/1887
Martyrs of Beth Garmai	[Syriac Not Available]	http://syriaca.org/person/1902
Martyrs of Egypt	[Syriac Not Available]	http://syriaca.org/person/1895
Martyrs of Palestine	[Syriac Not Available]	http://syriaca.org/person/1899
Martyrs of Persia	[Syriac Not Available]	http://syriaca.org/person/1900
Martyrs of Tur Berʿain	[Syriac Not Available]	http://syriaca.org/person/1905
Marutha of Maypherqat	ܡܪܘܬܐ ܕܡܝܦܪܩܛ	http://syriaca.org/person/25
Maruthaof Tagrit	ܡܪܘܬܐ ܕܬܓܪܝܬ	http://syriaca.org/person/93
Mary	ܡܪܝܡ	http://syriaca.org/person/1880
Mary	[Syriac Not Available]	http://syriaca.org/person/1361
Mary	ܡܐܪܝܐ	http://syriaca.org/person/1878
Mary	[Syriac Not Available]	http://syriaca.org/person/1362
Mary	[Syriac Not Available]	http://syriaca.org/person/1877
Mary	ܡܐܪܝܐ	http://syriaca.org/person/3021
Mary, Mother of God	ܡܪܝܡ	http://syriaca.org/person/624
Mary Magdalene	ܡܪܝܡ ܡܓܕܠܝܬܐ	http://syriaca.org/person/1884
Mary of Egypt	ܡܐܪܝܐ ܐܓܝܦܛܝܬܐ	http://syriaca.org/person/1882
Mary of Scetis	[Syriac Not Available]	http://syriaca.org/person/1364
Mary of Tell Salila	[Syriac Not Available]	http://syriaca.org/person/1363
Mary the Mourner	ܡܪܝܡ ܐܒܝܠܬܐ	http://syriaca.org/person/1881
Mary the Sinful Woman	ܡܪܝܡ ܚܛܝܬܐ	http://syriaca.org/person/1883
Mattai	[Syriac Not Available]	http://syriaca.org/person/1372
Matthew the Mountaineer	[Syriac Not Available]	http://syriaca.org/person/1908
Matthias	ܡܬܝ	http://syriaca.org/person/1909
Maura	[Syriac Not Available]	http://syriaca.org/person/1373
Maurice, Roman emperor	ܡܘܪܝܩܐ	http://syriaca.org/person/1910
Maurice the Martyr	[Syriac Not Available]	http://syriaca.org/person/1911
Maximus	ܡܟܣܝܡܐܘܣ	http://syriaca.org/person/1913
Maximus	ܡܟܣܝܡܐܘܣ	http://syriaca.org/person/1912
Maximus	ܡܟܣܝܡܘܣ	http://syriaca.org/person/3013
Maximus the Confessor	ܡܟܣܝܡܘܣ	http://syriaca.org/person/628
Maʿin	ܡܥܝܢ	http://syriaca.org/person/1349
Maʿna	ܡܥܢܐ	http://syriaca.org/person/1354
Meharnarsa	ܡܗܪܢܪܣܐ	http://syriaca.org/person/1914
Melania	ܡܠܢܝܐ	http://syriaca.org/person/1915
Melania the Elder	ܡܠܢܝܐ ܪܒܬܐ	http://syriaca.org/person/1916
Melania the Younger	ܡܠܢܝܐ ܙܥܘܪܬܐ	http://syriaca.org/person/1917
Meletius of Antioch	ܡܝܠܝܛܘܣ	http://syriaca.org/person/1919
Menas	ܡܐܝܢܐ	http://syriaca.org/person/1920
Metkarkana the Vagabond	[Syriac Not Available]	http://syriaca.org/person/1375
Metrodore	ܡܛܪܕܘܪܐ	http://syriaca.org/person/3023
Micah	ܡܝܟܐ	http://syriaca.org/person/1379
Michael	[Syriac Not Available]	http://syriaca.org/person/1378
Michael Badoqa	ܡܝܟܐܝܠ	http://syriaca.org/person/637
Michael of Amida	ܡܝܟܐܝܠ	http://syriaca.org/person/1921
Michael of Tarʿil	[Syriac Not Available]	http://syriaca.org/person/1377
Michael the Companion of Angels	[Syriac Not Available]	http://syriaca.org/person/1376
Mihrnarsai	[Syriac Not Available]	http://syriaca.org/person/1381
Mihrsapor	ܡܗܪܫܒܘܪ	http://syriaca.org/person/1382
Milesbishop of Sus	ܡܝܠܣ	http://syriaca.org/person/8
Miles of Tel Hesh	ܡܝܠܣ	http://syriaca.org/person/1384
Milida	[Syriac Not Available]	http://syriaca.org/person/1923
The Mime Glaukos and Companions	[Syriac Not Available]	http://syriaca.org/person/1925
Monastery of the women	ܦܟܘܡܝܣ	http://syriaca.org/person/1939
Monks of Amida	[Syriac Not Available]	http://syriaca.org/person/1934
Monks of Sinai	[Syriac Not Available]	http://syriaca.org/person/1936
The Monks of the Monastery of Mar Sabrishoʿ of Beth Qoqa	[Syriac Not	http://syriaca.org/person/1659
Moses of Beth Sayyare	ܡܘܫܐ ܕܥܘܡܪܐ ܕܒܝܬ ܨܝܪܐ.	http://syriaca.org/person/1385
Moses the Black	[Syriac Not Available]	http://syriaca.org/person/1386
Moses the Black	[Syriac Not Available]	http://syriaca.org/person/1386
Moses the Indian	ܡܘܫܐ ܗܢܕܘܝܐ	http://syriaca.org/person/1938
Mqadashta	[Syriac Not Available]	http://syriaca.org/person/1388
Munyatos	[Syriac Not Available]	http://syriaca.org/person/1390
Muʿawiya	[Syriac Not Available]	http://syriaca.org/person/1389
Nagran, martyrs of	[Syriac Not Available]	http://syriaca.org/person/1391
Narsai	ܢܪܣܝ	http://syriaca.org/person/650
Narsai, bishop of Sharqart	[Syriac Not Available]	http://syriaca.org/person/1392
Narsai, son of the covenant	ܢܪܣܝ	http://syriaca.org/person/1393
Narses	ܢܪܣܝ	http://syriaca.org/person/1941
Narses	ܢܪܣܝ	http://syriaca.org/person/1940
Nathaniel	ܢܬܢܝܐܝܠ	http://syriaca.org/person/1942
Nestorius	ܢܣܛܘܪܝܣ	http://syriaca.org/person/655
Nicephorus	ܢܝܩܦܘܪܘܣ	http://syriaca.org/person/1945
Nicephorus	ܢܝܩܦܘܪܘܣ	http://syriaca.org/person/1944
Nicholas	[Syriac Not Available]	http://syriaca.org/person/1395
Nicholas of Myra	ܢܝܩܠܐܘܣ	http://syriaca.org/person/1946
Nilus	ܢܝܠܘܣ	http://syriaca.org/person/3043
Nilus the Anchorite	ܢܝܠܘܣ	http://syriaca.org/person/1948
Noah	ܢܘܚ	http://syriaca.org/person/3022
Noah of Adiabene	ܢܘܚ	http://syriaca.org/person/1949
Nuhra	[Syriac Not Available]	http://syriaca.org/person/1396
Olympia	ܐܠܘܡܦܝܐ	http://syriaca.org/person/1397
Onesima	ܐܢܣܝܡܐ	http://syriaca.org/person/1398
Onesimus	[Syriac Not Available]	http://syriaca.org/person/3015
Onesimus	ܐܢܣܝܡܘܣ	http://syriaca.org/person/1950
Or	ܐܘܪ	http://syriaca.org/person/1951
Othellius	[Syriac Not Available]	http://syriaca.org/person/1953
Pachomius	ܦܟܘܡܝܣ	http://syriaca.org/person/1955
Paesius	ܦܐܣܝܣ	http://syriaca.org/person/1956
Pamphilus	ܦܡܦܝܠܘܣ	http://syriaca.org/person/1958
Panbo	ܦܢܒܘ	http://syriaca.org/person/1959
Papa	ܦܦܐ	http://syriaca.org/person/1960
Papa	ܦܦܐ	http://syriaca.org/person/1961
Papa, bishop of Arzun	[Syriac Not Available]	http://syriaca.org/person/1400
Paphnutius	ܦܦܢܘܛ	http://syriaca.org/person/1962
Papias	ܦܦܝܘܣ	http://syriaca.org/person/1964
Pappas	ܦܦܘܣ	http://syriaca.org/person/1965
Paradise of the Fathers	[Syriac Not Available]	http://syriaca.org/person/1992
Paragros	ܦܪܓܪܘܣ	http://syriaca.org/person/1966
Patriarches of the Orient (catholicos)	[Syriac Not Available]	http://syriaca.org/person/1970
Patriarchs, Prophets, Apostles and Fathers	[Syriac Not Available]	http://syriaca.org/person/1972
Patriarchs and Prophets	[Syriac Not Available]	http://syriaca.org/person/1971
Patricius	ܦܜܪܝܩܝܘܣ	http://syriaca.org/person/1973
Patrimytheas	ܦܛܪܝܡܝܬܐܣ	http://syriaca.org/person/3044
Patrmoutis	ܦܛܪܡܘܛܝܣ	http://syriaca.org/person/1968
Paul	ܦܘܠܘܣ	http://syriaca.org/person/1990
Paul	ܦܘܠܘܣ	http://syriaca.org/person/3148
Paul	ܦܘܠܘܣ	http://syriaca.org/person/1987
Paul	ܦܘܠܘܣ	http://syriaca.org/person/1978
Paul	ܦܘܠܐ	http://syriaca.org/person/1974
Paul, patriarch of Antioch	ܦܘܠܘܣ	http://syriaca.org/person/1977
Paul of Antioch	ܦܘܠܘܣ	http://syriaca.org/person/1976
Paul of Edessa	ܦܘܠܘܣ	http://syriaca.org/person/1405
Paul of Sophene	ܦܘܠܐ ܐܒܝܠܐ ܢܙܝܪܐ ܕܡܢ ܐܬܪܐ ܕܨܘ̈ܦܢܝܐ	http://syriaca.org/person/1979
Paul the Apostle	ܦܘܠܘܣ	http://syriaca.org/person/1983
Paul the Hermit	ܦܘܠܘܣ	http://syriaca.org/person/1981
Paul the Interpreter	[Syriac Not Available]	http://syriaca.org/person/1406
Paul the Mourner	ܦܘܠܘܣ ܐܒܝܠܐ	http://syriaca.org/person/1980
Paul the Priest	ܦܘܠܘܣ	http://syriaca.org/person/1986
Paul the Priest	ܦܘܠܘܣ	http://syriaca.org/person/1985
Paul the Simple	ܦܘܠܐ	http://syriaca.org/person/1982
Pegasius	[Syriac Not Available]	http://syriaca.org/person/1407
Pelagia	ܦܠܓܝܐ	http://syriaca.org/person/1989
Penitent Courtesan	ܙܢܝܬܐ	http://syriaca.org/person/1658
Peqida of Adiabene	ܦܩܝܕܐ	http://syriaca.org/person/1991
Peroz of Beth Lapat	[Syriac Not Available]	http://syriaca.org/person/1408
Peter	ܦܛܪܘܣ	http://syriaca.org/person/2011
Peter	ܦܛܪܘܣ	http://syriaca.org/person/2005
Peter	ܦܛܪܐ	http://syriaca.org/person/2004
Peter Absolom	ܦܛܪܘܣ ܥܒܫܠܡܐ	http://syriaca.org/person/2006
Peter of Africa	[Syriac Not Available]	http://syriaca.org/person/2007
Peter of Alexandria	[Syriac Not Available]	http://syriaca.org/person/1413
Peter of Antioch	[Syriac Not Available]	http://syriaca.org/person/1414
Peterof Kallinikos	ܦܛܪܘܣ ܏ܓ ܩܠܘܢܝܩܝܐ	http://syriaca.org/person/75
Peter Syncellus	ܦܐܛܪܐ	http://syriaca.org/person/2013
Peter the Apostle	ܦܛܪܘܣ	http://syriaca.org/person/2008
Peter the Iberian	ܦܛܪܘܣ ܐܝܒܪܝܐ	http://syriaca.org/person/680
Peter the Publican	[Syriac Not Available]	http://syriaca.org/person/2012
Pethion	ܦܬܝܘܢ	http://syriaca.org/person/1409
Pethion	ܦܬܝܘܢ	http://syriaca.org/person/1410
Pethion of Dasen	[Syriac Not Available]	http://syriaca.org/person/1411
Pharkia	[Syriac Not Available]	http://syriaca.org/person/1412
Philemon	ܦܝܠܝܡܘܢ	http://syriaca.org/person/1996
Philemon	ܦܝܠܡܘܢ	http://syriaca.org/person/1997
Philip	ܦܝܠܝܦܘܣ	http://syriaca.org/person/1998
Philotheus	ܦܝܠܬܐܘܣ	http://syriaca.org/person/2000
Philoxenos of Mabbug	ܦܝܠܠܘܟܣܝܢܘܣ ܕܡܒܘܓ	http://syriaca.org/person/44
Phocas	ܦܘܩܐ	http://syriaca.org/person/3009
Phocas of Sinope	ܦܘܩܐ	http://syriaca.org/person/2002
Photius	ܦܘܛܝܣ	http://syriaca.org/person/3014
Piamon	ܦܝܐܡܘܢ	http://syriaca.org/person/2003
Pijimi	[Syriac Not Available]	http://syriaca.org/person/1622
Piminos	ܦܝܡܝܢܘܣ	http://syriaca.org/person/2014
Pinhas	ܦܝܢܚܣ	http://syriaca.org/person/1415
Pior	ܦܝܘܪ	http://syriaca.org/person/2015
Piroz	ܦܝܪܘܙ ܒܝܠܦܛܝܐ	http://syriaca.org/person/1736
Pistis	ܦܝܣܛܝܣ	http://syriaca.org/person/2016
Pithyrion	ܦܝܛܘܪܝܘܢ	http://syriaca.org/person/2017
Placidus (Eustathius)	ܐܘܣܛܬܝܣ ܦܠܩܝܕܘܣ	http://syriaca.org/person/2018
Plato	[Syriac Not Available]	http://syriaca.org/person/1416
Plesius	ܦܠܣܝܣ	http://syriaca.org/person/2019
Polutina	ܦܠܘܛܝܢܐ	http://syriaca.org/person/1957
Polycarp of Smyrna	ܦܘܠܝܩܪܦܘܣ	http://syriaca.org/person/2020
Polychronus	[Syriac Not Available]	http://syriaca.org/person/1417
Porphyry	ܦܪܦܝܪܣ	http://syriaca.org/person/3149
Porphyry of Antioch	ܦܘܪܦܘܪܝܘܣ	http://syriaca.org/person/2021
Posi	ܦܘܣܝ	http://syriaca.org/person/1418
Posidonios	ܦܘܣܝܕܘܢܝܘܢ	http://syriaca.org/person/2022
Primus	ܦܪܝܡܘܣ	http://syriaca.org/person/2023
Priscus	ܦܪܝܣܩܘܣ	http://syriaca.org/person/2024
Probus	ܦܪܘܒܘܣ	http://syriaca.org/person/2025
Procopius	ܦܪܘܩܘܦܝܘܣ	http://syriaca.org/person/2027
Procopius	ܦܪܘܩܘܦܝܘܣ	http://syriaca.org/person/2026
Prophets	[Syriac Not Available]	http://syriaca.org/person/2028
Prophets	ܢ̈ܒܝܐ	http://syriaca.org/person/2029
Prophets, Patriarchs, Fathers	[Syriac Not Available]	http://syriaca.org/person/2030
Protonice	[Syriac Not Available]	http://syriaca.org/person/1419
Pseudo-Dionysios the Areopagite	ܕܝܘܢܘܣܝܘܣ	http://syriaca.org/person/452
Pseudo-Methodius	[Syriac Not Available]	http://syriaca.org/person/635
Ptolemy the Egyptian	ܦܛܘܠܘܡܐܘܣ	http://syriaca.org/person/2031
Qardag	ܩܪܕܓ	http://syriaca.org/person/1420
Qashish of Hah	[Syriac Not Available]	http://syriaca.org/person/1421
Qawma	[Syriac Not Available]	http://syriaca.org/person/1423
Qawma	[Syriac Not Available]	http://syriaca.org/person/1422
Qayyuma of Baz	[Syriac Not Available]	http://syriaca.org/person/1424
Qazo	[Syriac Not Available]	http://syriaca.org/person/1425
Qazo	ܩܙܘ	http://syriaca.org/person/3026
Qitmir, dog of the Sleepers of Ephesus	[Syriac Not Available]	http://syriaca.org/person/3018
Qorabor	ܩܘܪܒܘܪ	http://syriaca.org/person/2033
Quna	[Syriac Not Available]	http://syriaca.org/person/1426
Rabbulaof Edessa	ܪܒܘܠܐ ܕܐܘܪܗܝ	http://syriaca.org/person/26
Refugees of Constantinople	[Syriac Not Available]	http://syriaca.org/person/2035
Rehima of Adiabene	ܪܚܝܡܐ	http://syriaca.org/person/2036
Rhipsime	[Syriac Not Available]	http://syriaca.org/person/1427
Rich virgin	[Syriac Not Available]	http://syriaca.org/person/2148
Rifqa Rayyis	[Syriac Not Available]	http://syriaca.org/person/1428
Romanus	ܪܘܡܢܐ	http://syriaca.org/person/2743
Romanus	ܪܘܡܢܐ	http://syriaca.org/person/2040
Romanus	ܪܘܡܢܐ	http://syriaca.org/person/2041
Romanus	ܪܘܡܐܢܘܣ	http://syriaca.org/person/1430
Romanus	ܪܘܡܢܘܣ	http://syriaca.org/person/2039
Romulus	ܪܘܡܘܠܘܣ	http://syriaca.org/person/2042
Romulus	ܐܪܡܠܐܘܣ	http://syriaca.org/person/2043
Ruben	[Syriac Not Available]	http://syriaca.org/person/1431
Rubil	ܪܘܒܝܠ	http://syriaca.org/person/1432
Ruhana the Melodist	[Syriac Not Available]	http://syriaca.org/person/1433
Sa'ad	[Syriac Not Available]	http://syriaca.org/person/1434
Saba	ܣܒܐ	http://syriaca.org/person/2045
Saba Gushnazdad	ܣܒܐ ܓܘܫܢܙܕܕ	http://syriaca.org/person/2044
Saba Gushnazdad	[Syriac Not Available]	http://syriaca.org/person/1435
Saba of the Tour Mesatha	ܣܒܐ	http://syriaca.org/person/2046
Saba Pirgushnasp	ܣܒܐ ܦܝܪܓܘܫܢܣܦ	http://syriaca.org/person/1436
Sabas	ܣܒܛ	http://syriaca.org/person/2048
Saba the Martyr	ܣܒܐ	http://syriaca.org/person/2047
Sabbatius	[Syriac Not Available]	http://syriaca.org/person/1437
Sabellius	ܣܒܠܝܐ	http://syriaca.org/person/1438
Sabinius	ܣܒܝܢܝܢܘܣ	http://syriaca.org/person/2049
Sabrishoʿ	[Syriac Not Available]	http://syriaca.org/person/1457
Sabrishoʿmetropolitan of Beth Garmai	ܣܒܪܝܫܘܥ ܕ ܒܝܬ ܓܪ̈ܡܝ	http://syriaca.org/person/3138
Sabrishoʿ bar Paulos	ܣܒܪܝܫܘܥ ܒܪ ܦܘܠܘܣ	http://syriaca.org/person/709
Sabrishoʿ of Beth Qoqa	ܣܒܪܝܫܘܥ	http://syriaca.org/person/2050
Sahda	ܣܗܕܐ ܡܪܝ ܕܒܝܬ ܣܗ̈ܕܐ	http://syriaca.org/person/2051
Saint (one who spent 25 years in a cave)	[Syriac Not Available]	http://syriaca.org/person/2054
Saints	[Syriac Not Available]	http://syriaca.org/person/2056
Saints (revelation of cerntain)	[Syriac Not Available]	http://syriaca.org/person/2057
Saints of Hrbat Tuta, see John Psaltes (check)	[Syriac Not Available]	http://syriaca.org/person/1442
Saints of the Monastery of Mar Abhai	[Syriac Not Available]	http://syriaca.org/person/1441
Salomon	ܫܠܝܡܘܢ	http://syriaca.org/person/2060
Sampson	ܫܡܫܘܢ	http://syriaca.org/person/2061
Sampson of Adiabene	ܫܡܫܘܢ	http://syriaca.org/person/2062
Samuel of Qartmin	[Syriac Not Available]	http://syriaca.org/person/1445
Sanatruq	[Syriac Not Available]	http://syriaca.org/person/1446
Sara	ܣܪܐ	http://syriaca.org/person/2063
Sarah	[Syriac Not Available]	http://syriaca.org/person/1451
Sarah	[Syriac Not Available]	http://syriaca.org/person/1452
Sasin, bishop of Cyzicus	[Syriac Not Available]	http://syriaca.org/person/1455
SaumaRabban	ܪܒܢ ܨܘܡܐ	http://syriaca.org/person/721
Seleucus	ܣܠܘܩܘܣ	http://syriaca.org/person/1460
Seleucus	ܣܠܘܩܘܣ	http://syriaca.org/person/3147
Sennen	[Syriac Not Available]	http://syriaca.org/person/1461
Serapion	ܣܪܦܝܘܢ	http://syriaca.org/person/2066
Serapion	ܣܪܦܝܘܢ	http://syriaca.org/person/2065
Serapion Sidonius	ܣܪܦܝܘܢ ܕܣܕܘܢܐ	http://syriaca.org/person/2067
Sergius	ܣܪܓܝܣ	http://syriaca.org/person/2070
Sergius	ܣܪܓܝܣ	http://syriaca.org/person/2072
Sergius	ܣܐܪܓܝܣ	http://syriaca.org/person/2068
Sergius	ܣܪܓܝܣ	http://syriaca.org/person/2071
Sergius	ܣܪܓܝܣ	http://syriaca.org/person/2069
Sergius	ܣܪܓܝܣ	http://syriaca.org/person/1466
Sergius	ܣܪܓܝܣ	http://syriaca.org/person/3154
SergiusRabban	ܪܒܢ ܣܪܓܝܣ	http://syriaca.org/person/2034
Sergius of Huzri	[Syriac Not Available]	http://syriaca.org/person/1462
Sergius of Tella	[Syriac Not Available]	http://syriaca.org/person/1463
Sergius of the Barren Mountain	[Syriac Not Available]	http://syriaca.org/person/1464
Sergius of Zuqnin	[Syriac Not Available]	http://syriaca.org/person/1465
The Seven Children of Beth Zabdai	ܒܢ̈ܝ ܫܒܝܐ ܕܒܝܬ ܙܒܕܝ	http://syriaca.org/person/1894
Severusbar Mashqo	ܣܘܝܪܐ ܕܬܪܝܢ	http://syriaca.org/person/106
Severus of Antioch	ܣܘܝܪܝܘܣ ܕܐܢܛܝܘܟܝܐ	http://syriaca.org/person/51
Severus of Kafar Ze	[Syriac Not Available]	http://syriaca.org/person/1468
Severus the Mathematician	[Syriac Not Available]	http://syriaca.org/person/1469
Severus the Wonderworker	[Syriac Not Available]	http://syriaca.org/person/1467
Shabbai	ܫܒܝ	http://syriaca.org/person/2073
Shabra	[Syriac Not Available]	http://syriaca.org/person/1439
Shahdost	ܫܗܕܘܣܬ	http://syriaca.org/person/2074
Shahloupa of Adiabene	ܫܚܠܘܦܐ	http://syriaca.org/person/2075
Shahpur	ܫܒܘܪ	http://syriaca.org/person/2076
Shalita	ܡܪܝ ܫܠܝܛܐ	http://syriaca.org/person/733
Shalita	[Syriac Not Available]	http://syriaca.org/person/1443
Shamli	[Syriac Not Available]	http://syriaca.org/person/2077
Shamona	ܫܡܘܢܐ	http://syriaca.org/person/2078
Shamuni, mother of the Seven Maccabean Martyrs	[Syriac Not Available]	http://syriaca.org/person/2080
Shapira	[Syriac Not Available]	http://syriaca.org/person/1447
Shapor	[Syriac Not Available]	http://syriaca.org/person/1448
Shapor, bishop of Niqator	ܫܒܘܪ	http://syriaca.org/person/1450
Sharbel	ܫܪܒܝܠ	http://syriaca.org/person/1454
Sharbel the Hermit	[Syriac Not Available]	http://syriaca.org/person/1453
Shayna	[Syriac Not Available]	http://syriaca.org/person/1459
Shembaiteh	ܫܡܒܝܬܗ	http://syriaca.org/person/1643
Shenoute	ܫܢܘܕܝܢ	http://syriaca.org/person/2079
Shenoute of Atripe	[Syriac Not Available]	http://syriaca.org/person/1487
Shirin	[Syriac Not Available]	http://syriaca.org/person/1483
Shirin of Karka d-Beth Slokh	[Syriac Not Available]	http://syriaca.org/person/1484
Shiris	[Syriac Not Available]	http://syriaca.org/person/3153
Shlemun the Mourner	[Syriac Not Available]	http://syriaca.org/person/1485
Shmona	ܫܡܘܢܐ	http://syriaca.org/person/1486
Shmouni	ܫܡܘܢܝ	http://syriaca.org/person/2081
Shoubhalishoʿ	ܫܘܒܚܐ ܠܝܫܘܥ	http://syriaca.org/person/2083
Shoubhalishoʿ of Adiabene	ܫܘܒܚܐ ܠܝܫܘܥ	http://syriaca.org/person/2082
Shriʿa of Adiabene	ܫܪܝܥܐ	http://syriaca.org/person/2084
Silvanus	ܣܠܘܢܘܣ ܘܗܢܘܢ ܕܥܡܗ	http://syriaca.org/person/2085
Silvanus of Edessa	[Syriac Not Available]	http://syriaca.org/person/1470
Silvester	ܣܝܠܒܣܛܪܘܣ	http://syriaca.org/person/2086
Simeon	ܫܡܥܘܢ ܕܙܝ̈ܬܐ	http://syriaca.org/person/1473
Simeon	ܫܡܥܘܢ	http://syriaca.org/person/2095
Simeon	ܫܡܥܘܢ	http://syriaca.org/person/2093
Simeon	ܫܡܥܘܢ	http://syriaca.org/person/2094
Simeon	ܫܡܥܘܢ	http://syriaca.org/person/1474
Simeon, bishop of Edessa	[Syriac Not Available]	http://syriaca.org/person/1472
Simeonbar Sabbaʿe	ܫܡܥܘܢ ܒܪ ܨܒܥ̈ܐ	http://syriaca.org/person/9
Simeon of Beth Arsham	ܫܡܥܘܢ ܕܒܝܬ ܐܪܫܡ	http://syriaca.org/person/53
Simeon of Dara	[Syriac Not Available]	http://syriaca.org/person/1476
Simeon of Kfar-ʿAbdin	ܫܡܥܘܢ	http://syriaca.org/person/1471
Simeon of Oigona	[Syriac Not Available]	http://syriaca.org/person/1480
Simeon of Papo	[Syriac Not Available]	http://syriaca.org/person/1477
Simeon of Qarqafto	[Syriac Not Available]	http://syriaca.org/person/1481
Simeon of Qartmin	ܫܡܥܘܢ	http://syriaca.org/person/1475
Simeon of the Sea	[Syriac Not Available]	http://syriaca.org/person/1479
Simeon Salos	ܫܡܥܘܢ ܣܠܘܣܐ	http://syriaca.org/person/2101
Simeon the Elder	ܫܡܥܘܢ	http://syriaca.org/person/2100
Simeon the Greek	[Syriac Not Available]	http://syriaca.org/person/1478
Simeon the Mountaineer	ܫܡܥܘܢ ܛܘܪܝܐ	http://syriaca.org/person/2097
Simeon the Scribe	ܫܡܥܘܢ ܟܬܘܒܐ	http://syriaca.org/person/2098
Simeon the Solitaire	ܫܡܥܘܢ ܝܚܝܕܝܐ	http://syriaca.org/person/2099
Simeon the Stylite	ܫܡܥܘܢ ܐܣܛܘܢܝܐ	http://syriaca.org/person/744
Simeon the Stylite, the younger	[Syriac Not Available]	http://syriaca.org/person/1482
Sinai the Deacon	ܣܝܢܝ	http://syriaca.org/person/3031
Sisinnius	ܣܝܣܝܢܘܣ	http://syriaca.org/person/2087
Sleepers of Ephesus	[Syriac Not Available]	http://syriaca.org/person/1227
The Sophenian	[Syriac Not Available]	http://syriaca.org/person/1488
Sophia	ܣܘܦܝܐ	http://syriaca.org/person/2089
Sophia	ܣܘܦܝܐ	http://syriaca.org/person/1489
Sosiana	ܣܘܣܝܢܐ	http://syriaca.org/person/3020
Stephen	ܐܣܛܦܢܘܣ	http://syriaca.org/person/1229
Stephen	ܐܣܛܦܢܘܣ	http://syriaca.org/person/1710
Stephen	ܐܣܛܦܢܐ	http://syriaca.org/person/3010
Stephen	ܐܣܛܦܢܐ	http://syriaca.org/person/1709
Stephen the Protomartyr	ܐܣܛܝܦܐܢ	http://syriaca.org/person/1711
Steven	[Syriac Not Available]	http://syriaca.org/person/1230
Stratonike	ܐܣܛܪܛܘܢܝܩܝ	http://syriaca.org/person/1491
Stratonike	[Syriac Not Available]	http://syriaca.org/person/1490
Sultan Mahduk	ܨܘܠܛܢ ܡܗܕܘܟ	http://syriaca.org/person/1348
Susan	ܫܘܫܢ	http://syriaca.org/person/1168
Suzanna	ܫܘܫܢ	http://syriaca.org/person/2092
Suzanna	[Syriac Not Available]	http://syriaca.org/person/1492
Syrian Doctors	ܡܠܦܢܐ ܣܘܪܝܝܐ	http://syriaca.org/person/1212
Tahmazgerd	ܛܗܡܙܓܪܕ	http://syriaca.org/person/1493
Tahsia	ܛܗܣܝܐ	http://syriaca.org/person/2102
Talia	ܛܠܝܐ	http://syriaca.org/person/1494
Tarachos	ܛܪܟܘܣ	http://syriaca.org/person/2104
Tarbo	ܬܪܒܘ	http://syriaca.org/person/1495
Tataq the servant	ܛܛܩ ܕܘܡܣܛܝܩܐ	http://syriaca.org/person/1496
Ten Brothers of Qartmin	[Syriac Not Available]	http://syriaca.org/person/1210
Thallelaios	ܬܐܠܐܠܐܘܣ	http://syriaca.org/person/2105
Thecla	ܬܩܠܐ	http://syriaca.org/person/2416
Thecla	[Syriac Not Available]	http://syriaca.org/person/3017
Thecla	ܬܩܠܐ	http://syriaca.org/person/1497
Thedosius	ܬܐܘܕܣܝܐ	http://syriaca.org/person/2112
TheodoraRoman empress	ܡܠܟܬܐ ܬܐܘܕܘܪܐ	http://syriaca.org/person/779
TheodoraRoman empress	ܡܠܟܬܐ ܬܐܘܕܘܪܐ	http://syriaca.org/person/779
Theodore	ܬܐܘܕܘܪܘܣ	http://syriaca.org/person/2110
Theodore	ܬܐܘܕܘܪܐ	http://syriaca.org/person/3140
Theodore	ܬܐܕܘܪܐ	http://syriaca.org/person/2109
Theodore	ܬܐܘܕܘܪܘܣ	http://syriaca.org/person/2107
Theodore	[Syriac Not Available]	http://syriaca.org/person/1498
Theodore Castrensus	ܬܐܕܘܪܐ ܩܣܛܪܝܣܝܣ	http://syriaca.org/person/2108
Theodore of Kashkar	[Syriac Not Available]	http://syriaca.org/person/1499
Theodore of Mopsuestia	ܬܐܕܘܪܘܣ ܕܡܗܦܣܘܣܛܝܐ	http://syriaca.org/person/780
Theodosius	[Syriac Not Available]	http://syriaca.org/person/1500
Theodosiuspatriarch of Alexandria	ܬܐܘܕܘܣܝܘܣ ܕܐܠܟܣܢܕܪܝܐ	http://syriaca.org/person/784
Theodosius II	ܬܐܘܕܘܣܝܘܣ	http://syriaca.org/person/1529
Theodosius of Jerusalem	ܬܐܘܕܘܣܝܘܣ	http://syriaca.org/person/2111
Theodotusof Amid	ܬܐܘܕܘܛܘܣ ܕܐܡܝܕܐ	http://syriaca.org/person/785
Theodule	ܬܐܕܘܠܘܣ	http://syriaca.org/person/2115
Theodulos	ܬܐܕܘܠܘܣ	http://syriaca.org/person/2116
Theodute and his son	ܬܐܕܛܐ	http://syriaca.org/person/2113
Theodute the courtesan	ܬܐܕܛܐ ܙܢܝܬܐ	http://syriaca.org/person/2114
Theon	ܬܐܘܢ	http://syriaca.org/person/2117
Theonas	ܬܐܘܢܝܣ	http://syriaca.org/person/2118
Theonilla	ܬܐܘܢܝܠܐ	http://syriaca.org/person/2119
Theophilius	[Syriac Not Available]	http://syriaca.org/person/2120
Theophilos	ܬܐܘܦܝܠܘܣ	http://syriaca.org/person/2121
Theophilus	ܬܝܘܦܝܠܘܣ	http://syriaca.org/person/3150
Theopompus	ܬܐܘܦܘܢܦܐ	http://syriaca.org/person/2122
Thomas	[Syriac Not Available]	http://syriaca.org/person/1501
Thomas	ܬܐܘܡܐ	http://syriaca.org/person/2127
Thomas	ܬܐܘܡܐ	http://syriaca.org/person/2123
Thomas, bishop of Harran	[Syriac Not Available]	http://syriaca.org/person/1502
Thomas of Damascus	ܬܐܘܡܐ	http://syriaca.org/person/2125
Thomasof Germanicea	ܬܐܘܡܐ ܕܓܪܡܐܢܝܩܝ	http://syriaca.org/person/57
Thomas the Armenian	ܬܐܘܡܐ	http://syriaca.org/person/2126
Thomas the Stylite	[Syriac Not Available]	http://syriaca.org/person/1503
Thuthael	[Syriac Not Available]	http://syriaca.org/person/1504
Thuthael	[Syriac Not Available]	http://syriaca.org/person/1505
Thyrsus	ܬܪܣܘܣ	http://syriaca.org/person/2128
Timirion	ܛܝܡܝܪܝܘܢ	http://syriaca.org/person/2103
Timothy	ܛܝܡܬܐܘܣ	http://syriaca.org/person/2130
Timothy	ܛܝܡܬܐܘܣ	http://syriaca.org/person/2129
Timothy, bishop of Edessa	[Syriac Not Available]	http://syriaca.org/person/1506
Timothy II of Alexandria	[Syriac Not Available]	http://syriaca.org/person/1507
Trypho	ܛܪܝܦܘܢ	http://syriaca.org/person/2131
The Twelve Apostles	[Syriac Not Available]	http://syriaca.org/person/1607
Two Saints Named Alexander	ܬܪܝܢ ܐܠܟܣܢܕܪ̈ܝܐ	http://syriaca.org/person/1675
Two Saints Named Dionysios	ܬܪܝܢ ܕܝܘܢܣ̈ܝܐ	http://syriaca.org/person/1676
Valens the Palestinian	ܘܠܝܣ	http://syriaca.org/person/1702
Valentina	ܘܠܢܛܝܢܐ	http://syriaca.org/person/3029
Vales	ܘܠܣ	http://syriaca.org/person/3146
Victor	ܒܝܩܛܘܪ	http://syriaca.org/person/2135
Victorinus	ܒܝܩܛܘܪܝܢܘܣ	http://syriaca.org/person/2136
Virgin	[Syriac Not Available]	http://syriaca.org/person/2142
Virgin (saccophori)	[Syriac Not Available]	http://syriaca.org/person/2149
virgin of Jerusalem	[Syriac Not Available]	http://syriaca.org/person/2147
Warda	ܘܪܕܐ	http://syriaca.org/person/1508
Xenophon	ܟܣܢܐܦܘܢ	http://syriaca.org/person/2151
YahbalahaI	ܝܗܒܐܠܗܐ ܩܕܡܝܐ	http://syriaca.org/person/809
YahbalahaIII	ܝܗܒܐܠܗܐ ܬܠܝܬܝܐ	http://syriaca.org/person/810
Yareth	ܝܪܬ	http://syriaca.org/person/1509
Yazdanduht of Arbela	[Syriac Not Available]	http://syriaca.org/person/1515
Yazdapnah	ܝܙܝܕܦܢܗ	http://syriaca.org/person/1518
Yazdapnah, bishop of Kashkar	[Syriac Not Available]	http://syriaca.org/person/1516
Yazdbozid	ܝܙܝܕܒܘܙܝܕ	http://syriaca.org/person/1519
Yazdin	[Syriac Not Available]	http://syriaca.org/person/1520
Yozadaq	[Syriac Not Available]	http://syriaca.org/person/1522
Zachaeus	ܙܟܝ	http://syriaca.org/person/2156
Zachariah, the father of John the Baptist	ܙܟܪܝܐ	http://syriaca.org/person/2155
Zacharias	ܙܟܪܝܐ	http://syriaca.org/person/2153
Zacharias the Prophet	ܙܟܐܪܝܐ	http://syriaca.org/person/2154
Zaka	[Syriac Not Available]	http://syriaca.org/person/2157
Zakka	[Syriac Not Available]	http://syriaca.org/person/1523
Zayna	[Syriac Not Available]	http://syriaca.org/person/1526
Zayʿa	ܙܝܥܐ	http://syriaca.org/person/1525
Zebinas	ܙܒܝܢܐ	http://syriaca.org/person/2158
Zena	[Syriac Not Available]	http://syriaca.org/person/2159
Zeʿora	ܙܥܘܪܐ	http://syriaca.org/person/1524
Zosimus	[Syriac Not Available]	http://syriaca.org/person/2160
Zosimus	ܙܘܣܝܡܘܣ	http://syriaca.org/person/2161
Zota	ܙܘܛܐ	http://syriaca.org/person/3011
Zwanarse	[Syriac Not Available]	http://syriaca.org/person/1527
ʾAbn	ܐܒܢ	http://syriaca.org/person/1543